,Name,position,called_by,date_start,date_end
0,Thomas B. Marsh,President of the Quorum of the Twelve Apostles,,1835-04-25,1839-03-17
0,Thomas B. Marsh,Quorum of the Twelve Apostles,Three Witnesses,1835-04-25,1839-03-17
0,Thomas B. Marsh,Latter Day Saint Apostle,Three Witnesses,1835-04-25,1839-03-17
1,David W. Patten,Quorum of the Twelve Apostles,Three Witnesses,1835-02-15,1838-10-25
1,David W. Patten,Latter Day Saint Apostle,Three Witnesses,1835-02-15,1838-10-25
2,Brigham Young,President of the Church,,1847-12-27,1877-08-29
2,Brigham Young,President of the Quorum of the Twelve Apostles,,1840-04-14,1847-12-27
2,Brigham Young,Quorum of the Twelve Apostles,Three Witnesses,1835-02-14,1847-12-27
2,Brigham Young,LDS Church Apostle,Three Witnesses,1835-02-14,1877-08-29
3,Heber C. Kimball,Quorum of the Twelve Apostles,Three Witnesses,1835-02-14,1847-12-27
3,Heber C. Kimball,LDS Church Apostle,Three Witnesses,1835-02-14,1868-06-22
3,Heber C. Kimball,First Counselor in the First Presidency,Brigham Young,1847-12-27,1868-06-22
4,Orson Hyde,President of the Quorum of the Twelve Apostles,,1847-12-27,1875-04-10
4,Orson Hyde,Quorum of the Twelve Apostles,,1839-06-27,1878-11-28
4,Orson Hyde,Quorum of the Twelve Apostles,Three Witnesses,1835-02-15,1839-05-04
4,Orson Hyde,LDS Church Apostle,Three Witnesses,1835-02-15,1878-11-28
5,William E. McLellin,Quorum of the Twelve Apostles,Three Witnesses,1835-02-15,1838-05-11
5,William E. McLellin,Latter Day Saint Apostle,Three Witnesses,1835-02-15,1838-05-11
6,Parley P. Pratt,Quorum of the Twelve Apostles,Three Witnesses,1835-02-21,1857-05-13
6,Parley P. Pratt,LDS Church Apostle,Three Witnesses,1835-02-21,1857-05-13
7,Luke Johnson,Quorum of the Twelve Apostles,Three Witnesses,1835-02-15,1837-09-03
7,Luke Johnson,Latter Day Saint Apostle,Three Witnesses,1835-02-15,1837-12-31
8,William Smith,Latter Day Saint Apostle,Joseph Smith,1835-02-15,1845-10-06
8,William Smith,Quorum of the Twelve Apostles,,1839-05-25,1845-10-06
8,William Smith,Quorum of the Twelve Apostles,Three Witnesses,1835-02-15,1839-05-04
8,William Smith,Petitioner for Patriarchate (RLDS Church),Joseph Smith III,1872-04-06,1893-11-13
8,William Smith,3rd Presiding Patriarch (LDS Church),,1845-05-24,1845-10-06
9,Orson Pratt,Quorum of the Twelve Apostles,,1843-01-20,1881-10-03
9,Orson Pratt,Quorum of the Twelve Apostles,Three Witnesses,1835-04-26,1842-08-20
9,Orson Pratt,LDS Church Apostle,Three Witnesses,1835-04-26,
10,John F. Boynton,Quorum of the Twelve Apostles,Three Witnesses,1835-02-15,1837-09-03
10,John F. Boynton,Latter Day Saint Apostle,Three Witnesses,1835-02-15,1837-12-03
11,Lyman E. Johnson,Quorum of the Twelve Apostles,Three Witnesses,1835-02-14,1837-09-03
11,Lyman E. Johnson,Latter Day Saint Apostle,Three Witnesses,1835-02-14,1838-04-13
12,Joseph Smith,President of the Church,,1830-04-06,1844-06-27
13,Oliver Cowdery,Second Elder of the Church,Joseph Smith,1830-04-06,1834-12-05
13,Oliver Cowdery,Latter Day Saint Apostle,Joseph Smith,1838-04-12,1838-04-12
13,Oliver Cowdery,Assistant Counselor in the First Presidency,Joseph Smith,1837-09-03,1838-04-11
13,Oliver Cowdery,Assistant President of the Church,Joseph Smith,1834-12-05,1838-04-11
14,David Whitmer,President of the Church (Church of Christ—Whitmerites),,,
14,David Whitmer,President of the Church (Church of Christ—Whitmerites),,,
14,David Whitmer,President High Council,,,
14,David Whitmer,President of Zion,,,
14,David Whitmer,Latter Day Saint Apostle,Joseph Smith,,
15,Martin Harris,Latter Day Saint Apostle,Joseph Smith,,
16,Hyrum Smith,Second Counselor in the First Presidency,Joseph Smith,1837-11-07,1841-01-24
16,Hyrum Smith,2nd Presiding Patriarch,Joseph Smith,1840-09-14,1844-06-27
16,Hyrum Smith,Assistant Counselor in the First Presidency,Joseph Smith,1837-09-03,1837-11-07
16,Hyrum Smith,Assistant President of the Church,Joseph Smith,1841-01-24,1844-06-27
16,Hyrum Smith,Latter Day Saint Apostle,Joseph Smith,1841-01-24,1844-06-27
17,Jedediah M. Grant,Presidency of the Seventy,Brigham Young,1845-12-02,1854-04-07
17,Jedediah M. Grant,LDS Church Apostle,Brigham Young,1854-04-07,1856-12-01
17,Jedediah M. Grant,Second Counselor in the First Presidency,Brigham Young,1854-04-07,1856-12-01
18,Daniel H. Wells,Counselor to the Quorum of the Twelve Apostles,John Taylor,1877-10-06,1891-03-24
18,Daniel H. Wells,Second Counselor in the First Presidency,Brigham Young,1857-01-04,1877-08-29
18,Daniel H. Wells,LDS Church Apostle,Brigham Young,1857-01-04,1891-03-24
19,John Willard Young,Counselor to the Quorum of the Twelve Apostles,John Taylor,1877-10-06,1891-10-03
19,John Willard Young,First Counselor in the First Presidency,Brigham Young,1876-10-08,1877-08-29
19,John Willard Young,Assistant Counselor in the First Presidency,Brigham Young,1874-05-09,1876-10-08
19,John Willard Young,Counselor in the First Presidency,Brigham Young,1873-06-08,1874-05-09
19,John Willard Young,LDS Church Apostle,Brigham Young,1855-11-22,1924-02-12
20,Joseph Angell Young,LDS Church Apostle,Brigham Young,1864-02-04,1875-08-05
21,Alvin R. Dyer,Assistant to the Quorum of the Twelve Apostles,David O. McKay,1958-10-11,1967-10-05
21,Alvin R. Dyer,LDS Church Apostle,David O. McKay,1967-10-05,1977-03-06
21,Alvin R. Dyer,Counselor in the First Presidency,David O. McKay,1968-04-06,1970-01-18
21,Alvin R. Dyer,Assistant to the Quorum of the Twelve Apostles,Joseph Fielding Smith,1970-01-18,1976-10-01
21,Alvin R. Dyer,First Quorum of the Seventy,Spencer W. Kimball,1976-10-01,1977-03-06
22,John E. Page,Quorum of the Twelve Apostles,Joseph Smith,1838-12-19,1846-02-09
22,John E. Page,Latter Day Saint Apostle,Joseph Smith,1838-12-19,1846-06-27
23,John Taylor,President of the Church,,1880-10-10,1887-07-25
23,John Taylor,President of the Quorum of the Twelve Apostles,,1875-04-10,1880-10-10
23,John Taylor,Quorum of the Twelve Apostles,Joseph Smith,1838-12-19,1880-10-10
23,John Taylor,LDS Church Apostle,Joseph Smith,1838-12-19,1887-07-25
24,Wilford Woodruff,President of the Church,,1889-04-07,1898-09-02
24,Wilford Woodruff,President of the Quorum of the Twelve Apostles,,1880-10-10,1889-04-07
24,Wilford Woodruff,Quorum of the Twelve Apostles,Joseph Smith,1839-04-26,1889-04-07
24,Wilford Woodruff,LDS Church Apostle,Joseph Smith,1839-04-26,1898-09-02
25,George A. Smith,LDS Church Apostle,Joseph Smith,1839-04-26,1875-09-01
25,George A. Smith,First Counselor in the First Presidency,Brigham Young,1868-10-07,1875-09-01
25,George A. Smith,Quorum of the Twelve Apostles,Joseph Smith,1839-04-26,1868-10-07
26,Willard Richards,Second Counselor in the First Presidency,Brigham Young,1847-12-27,1854-03-11
26,Willard Richards,Quorum of the Twelve Apostles,Joseph Smith,1840-04-14,1847-12-27
26,Willard Richards,LDS Church Apostle,Joseph Smith,1840-04-14,1854-03-11
27,Lyman Wight,President of the Church of Christ,,,
27,Lyman Wight,Quorum of the Twelve Apostles,Joseph Smith,1841-04-08,1848-12-03
27,Lyman Wight,Latter Day Saint Apostle,Joseph Smith,1841-04-08,1848-12-03
28,Amasa Lyman,Latter Day Saint Apostle,Joseph Smith,1842-08-20,1867-10-06
28,Amasa Lyman,Quorum of the Twelve Apostles,,1845-10-06,1867-10-06
28,Amasa Lyman,Counselor in the First Presidency,Joseph Smith,1843-02-04,1844-06-27
28,Amasa Lyman,Quorum of the Twelve Apostles,Joseph Smith,1842-08-20,1843-01-20
29,Ezra T. Benson,LDS Church Apostle,Brigham Young,1846-07-16,1869-09-03
29,Ezra T. Benson,Quorum of the Twelve Apostles,Brigham Young,1846-07-16,1869-09-03
30,Charles C. Rich,Quorum of the Twelve Apostles,Brigham Young,1849-02-12,1883-11-17
30,Charles C. Rich,LDS Church Apostle,Brigham Young,1849-02-12,1883-11-17
31,Lorenzo Snow,Quorum of the Twelve Apostles,Brigham Young,1849-02-12,1873-06-08
31,Lorenzo Snow,President of the Church,,1898-09-13,1901-10-10
31,Lorenzo Snow,President of the Quorum of the Twelve Apostles,,1889-04-07,1898-09-13
31,Lorenzo Snow,Quorum of the Twelve Apostles,,1877-08-29,1898-09-13
31,Lorenzo Snow,Assistant Counselor in the First Presidency,Brigham Young,1874-05-09,1877-08-29
31,Lorenzo Snow,Counselor in the First Presidency,Brigham Young,1873-06-08,1874-05-09
31,Lorenzo Snow,LDS Church Apostle,Brigham Young,1849-02-12,1901-10-10
32,Erastus Snow,LDS Church Apostle,Brigham Young,1849-02-12,1888-05-27
32,Erastus Snow,Quorum of the Twelve Apostles,Brigham Young,1849-02-12,1888-05-27
33,Franklin D. Richards I,Quorum of the Twelve Apostles,Brigham Young,1849-02-12,1899-12-09
33,Franklin D. Richards I,LDS Church Apostle,Brigham Young,1849-02-12,1899-12-09
33,Franklin D. Richards I,President of the Quorum of the Twelve Apostles,,1898-09-13,1899-12-09
34,George Q. Cannon,LDS Church Apostle,Brigham Young,1860-08-26,1901-04-12
34,George Q. Cannon,First Counselor in the First Presidency,Lorenzo Snow,1898-09-13,1901-04-12
34,George Q. Cannon,First Counselor in the First Presidency,Wilford Woodruff,1889-04-07,1898-09-02
34,George Q. Cannon,Quorum of the Twelve Apostles,,1887-07-25,1889-04-07
34,George Q. Cannon,First Counselor in the First Presidency,John Taylor,1880-10-10,1887-07-25
34,George Q. Cannon,Quorum of the Twelve Apostles,,1877-08-29,1880-10-10
34,George Q. Cannon,Assistant Counselor in the First Presidency,Brigham Young,1874-05-09,1877-08-29
34,George Q. Cannon,Counselor in the First Presidency,Brigham Young,1873-06-08,1874-05-09
34,George Q. Cannon,Quorum of the Twelve Apostles,Brigham Young,1860-08-26,1873-06-08
35,Joseph F. Smith,Quorum of the Twelve Apostles,,1877-08-29,1880-10-10
35,Joseph F. Smith,Second Counselor in the First Presidency,John Taylor,1880-10-10,1887-07-25
35,Joseph F. Smith,Quorum of the Twelve Apostles,,1887-07-25,1889-04-07
35,Joseph F. Smith,President of the Church,,1901-10-17,1918-11-19
35,Joseph F. Smith,First Counselor in the First Presidency,Lorenzo Snow,1901-10-06,1901-10-10
35,Joseph F. Smith,President of the Quorum of the Twelve Apostles,,1901-10-10,1901-10-17
35,Joseph F. Smith,Counselor in the First Presidency,Brigham Young,1866-07-01,1877-08-29
35,Joseph F. Smith,Second Counselor in the First Presidency,Wilford Woodruff,1889-04-07,1901-10-06
35,Joseph F. Smith,LDS Church Apostle,Brigham Young,1866-07-01,1918-11-19
36,Brigham Young Jr.,LDS Church Apostle,Brigham Young,1864-02-04,1903-04-11
36,Brigham Young Jr.,Counselor in the First Presidency,Brigham Young,1873-06-08,1874-05-09
36,Brigham Young Jr.,Quorum of the Twelve Apostles,Brigham Young,1868-10-09,1873-06-08
36,Brigham Young Jr.,Quorum of the Twelve Apostles,,1877-08-29,1903-04-11
36,Brigham Young Jr.,Assistant Counselor in the First Presidency,Brigham Young,1874-05-09,1877-08-29
36,Brigham Young Jr.,President of the Quorum of the Twelve Apostles,,1901-10-17,1903-04-11
37,Albert Carrington,Quorum of the Twelve Apostles,,1877-08-29,1885-11-07
37,Albert Carrington,Assistant Counselor in the First Presidency,Brigham Young,1874-05-09,1877-08-29
37,Albert Carrington,Counselor in the First Presidency,Brigham Young,1873-06-08,1874-05-09
37,Albert Carrington,Quorum of the Twelve Apostles,Brigham Young,1870-07-03,1873-06-08
37,Albert Carrington,LDS Church Apostle,Brigham Young,1870-07-03,1885-11-07
38,Moses Thatcher,Quorum of the Twelve Apostles,John Taylor,1879-04-09,1896-04-06
38,Moses Thatcher,LDS Church Apostle,John Taylor,1879-04-09,1909-08-21
39,Francis M. Lyman,Quorum of the Twelve Apostles,John Taylor,1880-10-27,1916-11-18
39,Francis M. Lyman,LDS Church Apostle,John Taylor,1880-10-27,1916-11-18
39,Francis M. Lyman,President of the Quorum of the Twelve Apostles,,1903-10-06,1916-11-18
40,John Henry Smith,Second Counselor in the First Presidency,Joseph F. Smith,1910-04-07,1911-10-13
40,John Henry Smith,Quorum of the Twelve Apostles,John Taylor,1880-10-27,1910-04-07
40,John Henry Smith,LDS Church Apostle,John Taylor,1880-10-27,1911-10-13
41,George Teasdale,Quorum of the Twelve Apostles,John Taylor,1882-10-16,1907-06-09
41,George Teasdale,LDS Church Apostle,John Taylor,1882-10-16,1907-06-09
42,Heber J. Grant,President of the Church,,1918-11-23,1945-05-14
42,Heber J. Grant,President of the Quorum of the Twelve Apostles,,1916-11-18,1918-11-23
42,Heber J. Grant,Quorum of the Twelve Apostles,John Taylor,1882-10-16,1918-11-23
42,Heber J. Grant,LDS Church Apostle,John Taylor,1882-10-16,1945-05-14
43,John W. Taylor,Quorum of the Twelve Apostles,John Taylor,1884-05-15,
43,John W. Taylor,LDS Church Apostle,John Taylor,1884-05-15,1911-03-28
44,Marriner W. Merrill,Quorum of the Twelve Apostles,Wilford Woodruff,1889-10-07,1906-02-06
44,Marriner W. Merrill,LDS Church Apostle,Wilford Woodruff,1889-10-07,1906-02-06
45,Anthon H. Lund,LDS Church Apostle,Wilford Woodruff,1889-10-07,1921-03-02
45,Anthon H. Lund,Quorum of the Twelve Apostles,Wilford Woodruff,1889-10-07,1901-10-17
45,Anthon H. Lund,Second Counselor in the First Presidency,Joseph F. Smith,1901-10-17,1910-04-07
45,Anthon H. Lund,First Counselor in the First Presidency,Joseph F. Smith,1910-04-07,1918-11-19
45,Anthon H. Lund,First Counselor in the First Presidency,Heber J. Grant,1918-11-23,1921-03-02
45,Anthon H. Lund,President of the Quorum of the Twelve Apostles,,1918-11-23,1921-03-02
46,Abraham H. Cannon,Quorum of the Twelve Apostles,Wilford Woodruff,1889-10-07,1896-07-19
46,Abraham H. Cannon,LDS Church Apostle,Wilford Woodruff,1889-10-07,1896-07-19
46,Abraham H. Cannon,Presidency of the Seventy,John Taylor,1882-10-08,1889-10-07
47,Matthias F. Cowley,Quorum of the Twelve Apostles,Wilford Woodruff,1897-10-07,1905-10-28
47,Matthias F. Cowley,LDS Church Apostle,Wilford Woodruff,1897-10-07,1911-05-11
48,Abraham O. Woodruff,Quorum of the Twelve Apostles,Wilford Woodruff,1897-10-07,1904-06-20
48,Abraham O. Woodruff,LDS Church Apostle,Wilford Woodruff,1897-10-07,1904-06-20
49,Rudger Clawson,LDS Church Apostle,Lorenzo Snow,1898-10-10,1943-06-21
49,Rudger Clawson,Quorum of the Twelve Apostles,Lorenzo Snow,1898-10-10,1901-10-06
49,Rudger Clawson,Second Counselor in the First Presidency,Lorenzo Snow,1901-10-06,1901-10-10
49,Rudger Clawson,Acting President of the Quorum of the Twelve Apostles,,1918-11-23,1921-03-17
49,Rudger Clawson,President of the Quorum of the Twelve Apostles,,1921-03-17,1943-06-21
49,Rudger Clawson,Quorum of the Twelve Apostles,,1901-10-10,1943-06-21
50,Reed Smoot,Quorum of the Twelve Apostles,Lorenzo Snow,1900-04-08,1941-02-09
50,Reed Smoot,LDS Church Apostle,Lorenzo Snow,1900-04-08,1941-02-09
51,Hyrum M. Smith,Quorum of the Twelve Apostles,Joseph F. Smith,1901-10-24,1918-01-23
51,Hyrum M. Smith,LDS Church Apostle,Joseph F. Smith,1901-10-24,1918-01-23
52,George Albert Smith,President of the Church,,1945-05-21,1951-04-04
52,George Albert Smith,President of the Quorum of the Twelve Apostles,,1943-06-21,1945-05-21
52,George Albert Smith,Quorum of the Twelve Apostles,Joseph F. Smith,1903-10-08,1945-05-21
52,George Albert Smith,LDS Church Apostle,Joseph F. Smith,1903-10-08,1951-04-04
53,Charles W. Penrose,Quorum of the Twelve Apostles,Joseph F. Smith,1904-07-07,1911-12-07
53,Charles W. Penrose,LDS Church Apostle,Joseph F. Smith,1904-07-07,1925-05-16
53,Charles W. Penrose,Second Counselor in the First Presidency,Joseph F. Smith,1911-12-07,1918-11-19
53,Charles W. Penrose,Second Counselor in the First Presidency,Heber J. Grant,1918-11-23,1921-03-10
53,Charles W. Penrose,First Counselor in the First Presidency,Heber J. Grant,1921-03-10,1925-05-16
54,George F. Richards,President of the Quorum of the Twelve Apostles,,1945-05-21,1950-08-08
54,George F. Richards,Acting Presiding Patriarch,Heber J. Grant,1937-10-08,1942-10-03
54,George F. Richards,Quorum of the Twelve Apostles,Joseph F. Smith,1906-04-09,1950-08-08
54,George F. Richards,LDS Church Apostle,Joseph F. Smith,1906-04-09,1950-08-08
55,Orson F. Whitney,Quorum of the Twelve Apostles,Joseph F. Smith,1906-04-09,1931-05-16
55,Orson F. Whitney,LDS Church Apostle,Joseph F. Smith,1906-04-09,1931-05-16
56,David O. McKay,LDS Church Apostle,Joseph F. Smith,1906-04-09,1970-01-18
56,David O. McKay,Second Counselor in the First Presidency,Heber J. Grant,1934-10-11,1945-05-14
56,David O. McKay,Quorum of the Twelve Apostles,Joseph F. Smith,1906-04-09,1934-10-11
56,David O. McKay,President of the Quorum of the Twelve Apostles,,1950-08-08,1951-04-09
56,David O. McKay,President of the Church,,1951-04-09,1970-01-18
56,David O. McKay,Second Counselor in the First Presidency,George Albert Smith,1945-05-21,1951-04-04
57,Anthony W. Ivins,First Counselor in the First Presidency,Heber J. Grant,1925-05-25,1934-09-23
57,Anthony W. Ivins,Second Counselor in the First Presidency,Heber J. Grant,1921-03-10,1925-05-25
57,Anthony W. Ivins,Quorum of the Twelve Apostles,Joseph F. Smith,1907-10-06,1921-03-10
57,Anthony W. Ivins,LDS Church Apostle,Joseph F. Smith,1907-10-06,1934-09-23
58,Joseph Fielding Smith,Quorum of the Twelve Apostles,Joseph F. Smith,1910-04-07,1970-01-23
58,Joseph Fielding Smith,President of the Church,,1970-01-23,1972-07-02
58,Joseph Fielding Smith,Counselor in the First Presidency,David O. McKay,1965-10-29,1970-01-18
58,Joseph Fielding Smith,President of the Quorum of the Twelve Apostles,,1951-04-09,1970-01-23
58,Joseph Fielding Smith,Acting President of the Quorum of the Twelve Apostles,,1950-08-08,1951-04-04
58,Joseph Fielding Smith,LDS Church Apostle,Joseph F. Smith,1910-04-07,1972-07-02
59,James E. Talmage,Quorum of the Twelve Apostles,Joseph F. Smith,1911-12-08,1933-07-27
59,James E. Talmage,LDS Church Apostle,Joseph F. Smith,1911-12-08,1933-07-27
60,Stephen L Richards,Quorum of the Twelve Apostles,Joseph F. Smith,1917-01-18,1951-04-09
60,Stephen L Richards,First Counselor in the First Presidency,David O. McKay,1951-04-09,1959-05-19
60,Stephen L Richards,LDS Church Apostle,Joseph F. Smith,1917-01-18,1959-05-19
61,Richard R. Lyman,LDS Church Apostle,Joseph F. Smith,1918-04-07,1943-11-12
61,Richard R. Lyman,Quorum of the Twelve Apostles,Joseph F. Smith,1918-04-07,1943-11-12
62,Melvin J. Ballard,Quorum of the Twelve Apostles,Heber J. Grant,1919-01-07,1939-07-30
62,Melvin J. Ballard,LDS Church Apostle,Heber J. Grant,1919-01-07,1939-07-30
63,John A. Widtsoe,Quorum of the Twelve Apostles,Heber J. Grant,1921-03-17,1952-11-29
63,John A. Widtsoe,LDS Church Apostle,Heber J. Grant,1921-03-17,1952-11-29
64,Joseph F. Merrill,Quorum of the Twelve Apostles,Heber J. Grant,1931-10-08,1952-02-03
64,Joseph F. Merrill,LDS Church Apostle,Heber J. Grant,1931-10-08,1952-02-03
65,Charles A. Callis,Quorum of the Twelve Apostles,Heber J. Grant,1933-10-12,1947-01-21
65,Charles A. Callis,LDS Church Apostle,Heber J. Grant,1933-10-12,1947-01-21
66,J. Reuben Clark,Second Counselor in the First Presidency,Heber J. Grant,1933-04-06,1934-10-06
66,J. Reuben Clark,LDS Church Apostle,Heber J. Grant,1934-10-11,1961-10-06
66,J. Reuben Clark,Quorum of the Twelve Apostles,,1934-10-11,1934-10-11
66,J. Reuben Clark,First Counselor in the First Presidency,Heber J. Grant,1934-10-06,1945-05-14
66,J. Reuben Clark,First Counselor in the First Presidency,George Albert Smith,1945-05-21,1951-04-04
66,J. Reuben Clark,Second Counselor in the First Presidency,David O. McKay,1951-04-09,1959-06-12
66,J. Reuben Clark,First Counselor in the First Presidency,David O. McKay,1959-06-12,1961-10-06
67,Alonzo A. Hinckley,Quorum of the Twelve Apostles,Heber J. Grant,1934-10-11,1936-12-22
67,Alonzo A. Hinckley,LDS Church Apostle,Heber J. Grant,1934-10-11,1936-12-22
68,Albert E. Bowen,Quorum of the Twelve Apostles,Heber J. Grant,1937-04-08,1953-07-15
68,Albert E. Bowen,LDS Church Apostle,Heber J. Grant,1937-04-08,1953-07-15
69,Sylvester Q. Cannon,Quorum of the Twelve Apostles,Heber J. Grant,1939-10-06,1943-05-29
69,Sylvester Q. Cannon,LDS Church Apostle,Heber J. Grant,1938-04-06,1943-05-29
69,Sylvester Q. Cannon,Associate to the Quorum of the Twelve Apostles,Heber J. Grant,1938-04-14,1939-10-06
69,Sylvester Q. Cannon,Presiding Bishop,Heber J. Grant,1925-06-04,1938-04-06
70,Harold B. Lee,LDS Church Apostle,Heber J. Grant,1941-04-10,1973-12-26
70,Harold B. Lee,Quorum of the Twelve Apostles,Heber J. Grant,1941-04-10,1970-01-23
70,Harold B. Lee,President of the Quorum of the Twelve Apostles,,1970-01-23,1972-07-07
70,Harold B. Lee,President of the Church,,1972-07-07,1973-12-26
70,Harold B. Lee,First Counselor in the First Presidency,Joseph Fielding Smith,1970-01-23,1972-07-02
71,Spencer W. Kimball,President of the Church,,1973-12-30,1985-11-05
71,Spencer W. Kimball,President of the Quorum of the Twelve Apostles,,1972-07-07,1973-12-30
71,Spencer W. Kimball,Acting President of the Quorum of the Twelve Apostles,,1970-01-23,1972-07-02
71,Spencer W. Kimball,Quorum of the Twelve Apostles,Heber J. Grant,1943-10-07,1973-12-30
71,Spencer W. Kimball,LDS Church Apostle,Heber J. Grant,1943-10-07,1985-11-05
72,Ezra Taft Benson,LDS Church Apostle,Heber J. Grant,1943-10-07,1994-05-30
72,Ezra Taft Benson,President of the Church,,1985-11-10,1994-05-30
72,Ezra Taft Benson,President of the Quorum of the Twelve Apostles,,1973-12-30,1985-11-10
72,Ezra Taft Benson,Quorum of the Twelve Apostles,Heber J. Grant,1943-10-07,1985-11-10
73,Mark E. Petersen,LDS Church Apostle,Heber J. Grant,1944-04-20,1984-01-11
73,Mark E. Petersen,Quorum of the Twelve Apostles,Heber J. Grant,1944-04-20,1984-01-11
74,Matthew Cowley,Quorum of the Twelve Apostles,George Albert Smith,1945-10-11,1953-12-13
74,Matthew Cowley,LDS Church Apostle,George Albert Smith,1945-10-11,1953-12-13
75,Henry D. Moyle,First Counselor in the First Presidency,David O. McKay,1961-10-12,1963-09-18
75,Henry D. Moyle,Second Counselor in the First Presidency,David O. McKay,1959-06-12,1961-10-12
75,Henry D. Moyle,Quorum of the Twelve Apostles,George Albert Smith,1947-04-10,1959-06-12
75,Henry D. Moyle,LDS Church Apostle,,1947-04-10,1963-09-18
76,Delbert L. Stapley,Quorum of the Twelve Apostles,George Albert Smith,1950-10-05,1978-08-19
76,Delbert L. Stapley,LDS Church Apostle,George Albert Smith,1950-10-05,1978-08-19
77,Marion G. Romney,LDS Church Apostle,David O. McKay,1951-10-11,1988-05-20
77,Marion G. Romney,Assistant to the Quorum of the Twelve Apostles,Heber J. Grant,1941-04-06,1951-10-04
77,Marion G. Romney,Second Counselor in the First Presidency,Harold B. Lee,1972-07-07,1982-12-02
77,Marion G. Romney,Quorum of the Twelve Apostles,David O. McKay,1951-10-04,1972-07-07
77,Marion G. Romney,First Counselor in the First Presidency,Spencer W. Kimball,1982-12-02,1985-11-05
77,Marion G. Romney,Quorum of the Twelve Apostles,,1985-11-05,1988-05-20
77,Marion G. Romney,President of the Quorum of the Twelve Apostles,,1985-11-10,1988-05-20
78,LeGrand Richards,Quorum of the Twelve Apostles,David O. McKay,1952-04-06,1983-01-11
78,LeGrand Richards,LDS Church Apostle,David O. McKay,1952-04-10,1983-01-11
78,LeGrand Richards,Presiding Bishop,Heber J. Grant,1938-04-06,1952-04-06
79,Adam S. Bennion,Quorum of the Twelve Apostles,David O. McKay,1953-04-09,1958-02-11
79,Adam S. Bennion,LDS Church Apostle,David O. McKay,1953-04-09,1958-02-11
80,Richard L. Evans,Quorum of the Twelve Apostles,David O. McKay,1953-10-08,1971-11-01
80,Richard L. Evans,LDS Church Apostle,David O. McKay,1953-10-08,1971-11-01
80,Richard L. Evans,First Quorum of the Seventy,Heber J. Grant,1938-10-07,1953-10-08
81,George Q. Morris,LDS Church Apostle,David O. McKay,1954-04-08,1962-04-23
81,George Q. Morris,Assistant to the Quorum of the Twelve Apostles,David O. McKay,1951-10-06,1954-04-08
81,George Q. Morris,Quorum of the Twelve Apostles,David O. McKay,1954-04-08,1962-04-23
82,Hugh B. Brown,Quorum of the Twelve Apostles,,1970-01-18,1975-12-02
82,Hugh B. Brown,Second Counselor in the First Presidency,David O. McKay,1961-10-12,1963-10-04
82,Hugh B. Brown,Third Counselor in the First Presidency,David O. McKay,1961-06-22,1961-10-12
82,Hugh B. Brown,Quorum of the Twelve Apostles,David O. McKay,1958-04-10,1961-06-22
82,Hugh B. Brown,LDS Church Apostle,David O. McKay,1958-04-10,1975-12-02
82,Hugh B. Brown,Assistant to the Quorum of the Twelve Apostles,David O. McKay,1953-10-04,1958-04-10
82,Hugh B. Brown,First Counselor in the First Presidency,David O. McKay,1963-10-04,1970-01-18
83,Howard W. Hunter,LDS Church Apostle,David O. McKay,1959-10-15,1995-03-03
83,Howard W. Hunter,President of the Church,,1994-06-05,1995-03-03
83,Howard W. Hunter,President of the Quorum of the Twelve Apostles,,1988-05-20,1994-06-05
83,Howard W. Hunter,Acting President of the Quorum of the Twelve Apostles,,1985-11-10,1988-05-20
83,Howard W. Hunter,Quorum of the Twelve Apostles,David O. McKay,1959-10-10,1994-06-05
84,Gordon B. Hinckley,LDS Church Apostle,David O. McKay,1961-10-05,2008-01-27
84,Gordon B. Hinckley,President of the Church,,1995-03-12,2008-01-27
84,Gordon B. Hinckley,Quorum of the Twelve Apostles,David O. McKay,1961-10-05,1981-07-23
84,Gordon B. Hinckley,Assistant to the Quorum of the Twelve Apostles,David O. McKay,1958-04-06,1961-10-05
84,Gordon B. Hinckley,Counselor in the First Presidency,Spencer W. Kimball,1981-07-23,1982-12-02
84,Gordon B. Hinckley,First Counselor in the First Presidency,Howard W. Hunter,1994-06-05,1995-03-03
84,Gordon B. Hinckley,First Counselor in the First Presidency,Ezra Taft Benson,1985-11-10,1994-06-05
84,Gordon B. Hinckley,President of the Quorum of the Twelve Apostles,,1994-06-05,1995-03-12
84,Gordon B. Hinckley,Second Counselor in the First Presidency,Spencer W. Kimball,1982-12-02,1985-11-05
85,N. Eldon Tanner,First Counselor in the First Presidency,Spencer W. Kimball,1973-12-30,1982-11-27
85,N. Eldon Tanner,First Counselor in the First Presidency,Harold B. Lee,1972-07-07,1973-12-26
85,N. Eldon Tanner,Second Counselor in the First Presidency,Joseph Fielding Smith,1970-01-23,1972-07-02
85,N. Eldon Tanner,Second Counselor in the First Presidency,David O. McKay,1963-10-04,1970-01-18
85,N. Eldon Tanner,Quorum of the Twelve Apostles,David O. McKay,1962-10-11,1963-10-04
85,N. Eldon Tanner,LDS Church Apostle,David O. McKay,1962-10-11,1982-11-27
85,N. Eldon Tanner,Assistant to the Quorum of the Twelve Apostles,David O. McKay,1960-10-08,1962-10-11
86,Thomas S. Monson,LDS Church Apostle,David O. McKay,1963-10-10,2018-01-02
86,Thomas S. Monson,Quorum of the Twelve Apostles,David O. McKay,1963-10-04,1985-11-10
86,Thomas S. Monson,Second Counselor in the First Presidency,Ezra Taft Benson,1985-11-10,1995-03-03
86,Thomas S. Monson,President of the Church,,2008-02-03,2018-01-02
86,Thomas S. Monson,President of the Quorum of the Twelve Apostles,,1995-03-12,2008-02-03
86,Thomas S. Monson,First Counselor in the First Presidency,Gordon B. Hinckley,1995-03-12,2008-01-27
87,Boyd K. Packer,President of the Quorum of the Twelve Apostles,,2008-02-03,2015-07-03
87,Boyd K. Packer,Acting President of the Quorum of the Twelve Apostles,,1994-06-05,2008-01-27
87,Boyd K. Packer,Quorum of the Twelve Apostles,Joseph Fielding Smith,1970-04-06,2015-07-03
87,Boyd K. Packer,LDS Church Apostle,Joseph Fielding Smith,1970-04-09,2015-07-03
87,Boyd K. Packer,Assistant to the Quorum of the Twelve Apostles,David O. McKay,1961-09-30,1970-04-06
88,Marvin J. Ashton,Assistant to the Quorum of the Twelve Apostles,David O. McKay,1969-10-03,1971-12-02
88,Marvin J. Ashton,LDS Church Apostle,Joseph Fielding Smith,1971-12-02,1994-02-25
88,Marvin J. Ashton,Quorum of the Twelve Apostles,Joseph Fielding Smith,1971-12-02,1994-02-25
89,Bruce R. McConkie,Quorum of the Twelve Apostles,Harold B. Lee,1972-10-12,1985-04-19
89,Bruce R. McConkie,LDS Church Apostle,Harold B. Lee,1972-10-12,1985-04-19
89,Bruce R. McConkie,First Quorum of the Seventy,George Albert Smith,1946-10-06,1972-10-12
90,L. Tom Perry,Quorum of the Twelve Apostles,Spencer W. Kimball,1974-04-06,2015-05-30
90,L. Tom Perry,LDS Church Apostle,Spencer W. Kimball,1974-04-11,2015-05-30
90,L. Tom Perry,Assistant to the Quorum of the Twelve Apostles,Harold B. Lee,1972-10-06,1974-04-06
91,David B. Haight,Quorum of the Twelve Apostles,Spencer W. Kimball,1976-01-08,2004-07-31
91,David B. Haight,LDS Church Apostle,Spencer W. Kimball,1976-01-08,2004-07-31
91,David B. Haight,Assistant to the Quorum of the Twelve Apostles,Joseph Fielding Smith,1970-04-06,1976-01-08
92,James E. Faust,Assistant to the Quorum of the Twelve Apostles,Harold B. Lee,1972-10-06,1976-10-01
92,James E. Faust,First Quorum of the Seventy,Spencer W. Kimball,1976-10-01,1978-09-30
92,James E. Faust,Presidency of the Seventy,Spencer W. Kimball,1976-10-01,1978-09-30
92,James E. Faust,Quorum of the Twelve Apostles,Spencer W. Kimball,1978-09-30,1995-03-12
92,James E. Faust,Second Counselor in the First Presidency,Gordon B. Hinckley,1995-03-12,2007-08-10
92,James E. Faust,LDS Church Apostle,Spencer W. Kimball,1978-10-01,2007-08-10
93,Neal A. Maxwell,Quorum of the Twelve Apostles,Spencer W. Kimball,1981-07-23,2004-07-21
93,Neal A. Maxwell,LDS Church Apostle,Spencer W. Kimball,1981-07-23,2004-07-21
93,Neal A. Maxwell,Presidency of the Seventy,Spencer W. Kimball,1976-10-01,1981-07-23
93,Neal A. Maxwell,First Quorum of the Seventy,Spencer W. Kimball,1976-10-01,1981-07-23
93,Neal A. Maxwell,Assistant to the Quorum of the Twelve Apostles,Spencer W. Kimball,1974-04-06,1976-10-01
94,Russell M. Nelson,President of the Church,,2018-01-14,
94,Russell M. Nelson,President of the Quorum of the Twelve Apostles,,2015-07-03,2018-01-14
94,Russell M. Nelson,Quorum of the Twelve Apostles,Spencer W. Kimball,1984-04-07,2018-01-14
94,Russell M. Nelson,LDS Church Apostle,Spencer W. Kimball,1984-04-12,
95,Dallin H. Oaks,Quorum of the Twelve Apostles,Spencer W. Kimball,1984-05-03,2018-01-14
95,Dallin H. Oaks,LDS Church Apostle,Spencer W. Kimball,1984-05-03,
95,Dallin H. Oaks,President of the Quorum of the Twelve Apostles,,2018-01-14,
95,Dallin H. Oaks,First Counselor in the First Presidency,Russell M. Nelson,2018-01-14,
95,Dallin H. Oaks,[non-GA] President of BYU-Provo,Joseph Fielding Smith,1971-08-01,1980-08-01
96,M. Russell Ballard,Quorum of the Twelve Apostles,Spencer W. Kimball,1985-10-06,2023-11-12
96,M. Russell Ballard,LDS Church Apostle,Spencer W. Kimball,1985-10-10,
96,M. Russell Ballard,Presidency of the Seventy,Spencer W. Kimball,1980-02-21,1985-10-06
96,M. Russell Ballard,First Quorum of the Seventy,Spencer W. Kimball,1976-04-03,1985-10-06
96,M. Russell Ballard,Acting President of the Quorum of the Twelve Apostles,Russell M. Nelson,2018-01-14,
97,Joseph B. Wirthlin,Quorum of the Twelve Apostles,Ezra Taft Benson,1986-10-04,2008-12-01
97,Joseph B. Wirthlin,LDS Church Apostle,Ezra Taft Benson,1986-10-09,2008-12-01
97,Joseph B. Wirthlin,Presidency of the Seventy,Ezra Taft Benson,1986-08-28,1986-10-04
97,Joseph B. Wirthlin,First Quorum of the Seventy,Spencer W. Kimball,1976-10-01,1986-10-04
97,Joseph B. Wirthlin,Assistant to the Quorum of the Twelve Apostles,Spencer W. Kimball,1975-04-04,1976-10-01
98,Richard G. Scott,First Quorum of the Seventy,Spencer W. Kimball,1977-04-02,1988-10-01
98,Richard G. Scott,Presidency of the Seventy,Spencer W. Kimball,1983-10-01,1988-10-01
98,Richard G. Scott,Quorum of the Twelve Apostles,Ezra Taft Benson,1988-10-01,2015-09-22
98,Richard G. Scott,LDS Church Apostle,Ezra Taft Benson,1988-10-06,2015-09-22
99,Robert D. Hales,Quorum of the Twelve Apostles,Ezra Taft Benson,1994-04-02,2017-10-01
99,Robert D. Hales,LDS Church Apostle,Ezra Taft Benson,1994-04-07,2017-10-01
99,Robert D. Hales,Presiding Bishop,Spencer W. Kimball,1985-04-06,1994-04-02
99,Robert D. Hales,First Quorum of the Seventy,Spencer W. Kimball,1976-10-01,1985-04-06
99,Robert D. Hales,Assistant to the Quorum of the Twelve Apostles,Spencer W. Kimball,1975-04-04,1976-10-01
100,Jeffrey R. Holland,Quorum of the Twelve Apostles,Howard W. Hunter,1994-06-23,
100,Jeffrey R. Holland,LDS Church Apostle,Howard W. Hunter,1994-06-23,
100,Jeffrey R. Holland,First Quorum of the Seventy,Ezra Taft Benson,1989-04-01,1994-06-23
100,Jeffrey R. Holland,[non-GA] President of BYU-Provo,Spencer W. Kimball,1980-09-01,1989-03-31
101,Henry B. Eyring,First Counselor in the Presiding Bishopric,Robert D. Hales,1985-04-01,1992-10-03
101,Henry B. Eyring,First Quorum of the Seventy,Ezra Taft Benson,1992-10-03,1995-04-01
101,Henry B. Eyring,[non-GA] President of Ricks College,Joseph Fielding Smith,1971-08-01,1977-08-01
101,Henry B. Eyring,Quorum of the Twelve Apostles,Gordon B. Hinckley,1995-04-01,2007-10-06
101,Henry B. Eyring,Second Counselor in the First Presidency,Gordon B. Hinckley,2007-10-06,2008-01-27
101,Henry B. Eyring,Second Counselor in the First Presidency,Russell M. Nelson,2018-01-14,
101,Henry B. Eyring,First Counselor in the First Presidency,Thomas S. Monson,2008-02-03,2018-01-02
101,Henry B. Eyring,LDS Church Apostle,Gordon B. Hinckley,1995-04-06,
102,Dieter F. Uchtdorf,Quorum of the Twelve Apostles,,2018-01-02,
102,Dieter F. Uchtdorf,Second Counselor in the First Presidency,Thomas S. Monson,2008-02-03,2018-01-02
102,Dieter F. Uchtdorf,Quorum of the Twelve Apostles,Gordon B. Hinckley,2004-10-02,2008-02-03
102,Dieter F. Uchtdorf,LDS Church Apostle,Gordon B. Hinckley,2004-10-07,
102,Dieter F. Uchtdorf,Presidency of the Seventy,Gordon B. Hinckley,2002-08-15,2004-10-02
102,Dieter F. Uchtdorf,First Quorum of the Seventy,Gordon B. Hinckley,1996-04-07,2004-10-02
102,Dieter F. Uchtdorf,Second Quorum of the Seventy,Ezra Taft Benson,1994-04-02,1996-04-07
103,David A. Bednar,[non-GA] President of BYU-Idaho,Gordon B. Hinckley,1997-07-01,2004-10-01
103,David A. Bednar,Quorum of the Twelve Apostles,Gordon B. Hinckley,2004-10-02,
103,David A. Bednar,LDS Church Apostle,Gordon B. Hinckley,2004-10-07,
104,Quentin L. Cook,Presidency of the Seventy,Gordon B. Hinckley,2007-08-01,2007-10-06
104,Quentin L. Cook,First Quorum of the Seventy,Gordon B. Hinckley,1998-04-05,2007-10-06
104,Quentin L. Cook,Second Quorum of the Seventy,Gordon B. Hinckley,1996-04-06,1998-04-05
104,Quentin L. Cook,Quorum of the Twelve Apostles,Gordon B. Hinckley,2007-10-06,
104,Quentin L. Cook,LDS Church Apostle,Gordon B. Hinckley,2007-10-11,
105,D. Todd Christofferson,Quorum of the Twelve Apostles,Thomas S. Monson,2008-04-05,
105,D. Todd Christofferson,LDS Church Apostle,Thomas S. Monson,2008-04-10,
105,D. Todd Christofferson,Presidency of the Seventy,Gordon B. Hinckley,1998-08-15,2008-04-05
105,D. Todd Christofferson,First Quorum of the Seventy,Ezra Taft Benson,1993-04-03,2008-04-05
106,Neil L. Andersen,Quorum of the Twelve Apostles,Thomas S. Monson,2009-04-04,
106,Neil L. Andersen,LDS Church Apostle,Thomas S. Monson,2009-04-09,
106,Neil L. Andersen,Presidency of the Seventy,Gordon B. Hinckley,2005-08-15,2009-04-04
106,Neil L. Andersen,First Quorum of the Seventy,Ezra Taft Benson,1993-04-03,2009-04-04
107,Ronald A. Rasband,LDS Church Apostle,Thomas S. Monson,2015-10-08,
107,Ronald A. Rasband,Quorum of the Twelve Apostles,Thomas S. Monson,2015-10-03,
107,Ronald A. Rasband,First Quorum of the Seventy,Gordon B. Hinckley,2000-04-01,2015-10-03
107,Ronald A. Rasband,Presidency of the Seventy,Gordon B. Hinckley,2005-08-15,2015-10-03
108,Gary E. Stevenson,LDS Church Apostle,Thomas S. Monson,2015-10-08,
108,Gary E. Stevenson,Quorum of the Twelve Apostles,Thomas S. Monson,2015-10-03,
108,Gary E. Stevenson,First Quorum of the Seventy,Thomas S. Monson,2008-04-05,2012-03-31
108,Gary E. Stevenson,Presiding Bishop,Thomas S. Monson,2012-03-31,2015-10-09
109,Dale G. Renlund,LDS Church Apostle,Thomas S. Monson,2015-10-08,
109,Dale G. Renlund,Quorum of the Twelve Apostles,Thomas S. Monson,2015-10-03,
109,Dale G. Renlund,First Quorum of the Seventy,Thomas S. Monson,2009-04-04,2015-10-03
110,Gerrit W. Gong,Quorum of the Twelve Apostles,Russell M. Nelson,2018-03-31,
110,Gerrit W. Gong,LDS Church Apostle,Russell M. Nelson,2018-04-05,
110,Gerrit W. Gong,Presidency of the Seventy,Thomas S. Monson,2015-10-06,2018-03-31
110,Gerrit W. Gong,First Quorum of the Seventy,Thomas S. Monson,2010-04-03,2018-03-31
111,Ulisses Soares,LDS Church Apostle,Russell M. Nelson,2018-04-05,
111,Ulisses Soares,Presidency of the Seventy,Thomas S. Monson,2013-01-06,2018-03-31
111,Ulisses Soares,First Quorum of the Seventy,Gordon B. Hinckley,2005-04-02,2018-03-31
111,Ulisses Soares,Quorum of the Twelve Apostles,Russell M. Nelson,2018-03-31,
112,Patrick Kearon,Quorum of the Twelve Apostles,Russell M. Nelson,2023-12-07,
112,Patrick Kearon,LDS Church Apostle,Russell M. Nelson,2023-12-07,
112,Patrick Kearon,Presidency of the Seventy,Thomas S. Monson,2017-08-01,2023-12-07
112,Patrick Kearon,First Quorum of the Seventy,Thomas S. Monson,2010-04-03,2023-12-07
