Status,Name,Region,Country,Continent,Site(ac),Area(sq ft),High(ft),Announcement,Groundbreaking,Groundbreakingby,Dedication,Dedicationby,Rms(1),Rms(2),Center(3),Food(4),Style,Designer
1Closed for renovation,St. George Utah Temple edit,Utah,United States,North America,6,110000,175,"January 31, 1871","November 9, 1871",Brigham Young,"April 6, 1877",Daniel H. Wells,3,18,Available,Available,Castellated Gothic,Truman O. Angell
2Operating,Logan Utah Temple edit,Utah,United States,North America,9,119619,170,1863,"May 17, 1877",John Willard Young,"May 17, 1884",John Taylor,4,11,Not available,Available,Castellated Gothic,Truman O. Angell
3Closed for renovation,Manti Utah Temple edit,Utah,United States,North America,27,100373,179,"June 25, 1875","April 25, 1877",Brigham Young,"May 21, 1888",Lorenzo Snow,4,8,Not available,Available,,William H. Folsom
4Closed for renovation,Salt Lake Temple edit,Utah,United States,North America,10,253015,222,"July 28, 1847","February 14, 1853",Brigham Young,"April 6, 1893",Wilford Woodruff,4,12,Temple Square,Available,"Gothic, 6-spire",Truman O. Angell
5Operating,Laie Hawaii Temple edit,Hawaii,United States,North America,11.4,42100,0,"October 1, 1915","June 1, 1915",Joseph F. Smith,"November 27, 1919",Heber J. Grant,4,6,Available,Available,"inspired by Solomon's Temple, no spire. Prairie-style and Columbian",Hyrum Pope and Harold Burton
6Operating,Cardston Alberta Temple edit,Alberta,Canada,North America,10,88562,85,27 June 1913,13 November 1913,Daniel Kent Greene,26 August 1923,Heber J. Grant,4,5,Yes,Yes,,Hyrum Pope and Harold Burton
7Rededication scheduled,Mesa Arizona Temple edit,Arizona,United States,North America,20,113916,50,"October 3, 1919","April 25, 1922",Heber J. Grant,"October 23, 1927",Heber J. Grant,4,9,Yes,Full,Neoclassical Architecture,"Don Carlos Young, Jr. and Ramm Hansen"
8Operating,Idaho Falls Idaho Temple edit,Idaho,United States,North America,7,116250,143,"March 3, 1937","December 19, 1939",David Asael Smith,"September 23, 1945",George Albert Smith,4,9,Yes,Full,"Modern, center spire","John Fetzer, Sr."
9Operating,Bern Switzerland Temple edit,Bern,Switzerland,Europe,7,35546,140,1 July 1952,5 August 1953,David O. McKay,11 September 1955,David O. McKay,4,7,No,Limited,"Modern, single spire",Edward O. Anderson
10Operating,Los Angeles California Temple edit,California,United States,North America,13,190614,257,"March 6, 1937","September 22, 1951",David O. McKay,"March 11, 1956",David O. McKay,4,10,Yes,Full,,Edward O. Anderson
11Closed for renovation,Hamilton New Zealand Temple edit,Waikato,New Zealand,Oceania,86,44212,157,17 February 1955,21 December 1955,"Ariel Ballif, Wendell B. Mendenhall, and George R. Biesinger",20 April 1958,David O. McKay,1,3,Yes,Full,"Modern, single spire",Edward O. Anderson
12Operating,London England Temple edit,South East England,United Kingdom,Europe,32,42652,190,17 February 1955,27 August 1955,David O. McKay,7 September 1958,David O. McKay,4,7,Yes,Full,"Modern, single spire",Edward O. Anderson
13Operating,Oakland California Temple edit,California,United States,North America,18.1,80157,170,"May 26, 1962","May 26, 1962",David O. McKay,"November 17, 1964",David O. McKay,4,7,Yes,Full,"Modern, 5 spire",Harold W. Burton
14Operating,Ogden Utah Temple edit,Utah,United States,North America,9.96,112232,180,"August 24, 1967","September 8, 1969",Hugh B. Brown,"January 18, 1972",Joseph Fielding Smith,6,11,No,Full,,Emil B. Fetzer
15Operating,Provo Utah Temple edit,Utah,United States,North America,17,128325,175,"August 14, 1967","September 15, 1969",Hugh B. Brown,"February 9, 1972",Joseph Fielding Smith,6,12,No,Full,"Modern, center spire",Emil B. Fetzer
16Rededication scheduled,Washington D.C. Temple edit,Maryland,United States,North America,52,160000,288,"November 15, 1968","December 7, 1968",Hugh B. Brown,"November 19, 1974",Spencer W. Kimball,6,14,Yes,No,Modern six-spire design,Harold K. BeecherEmil B. FetzerHenry P. FetzerFred L. MarkhamKeith W. Wilcox
17Operating,São Paulo Brazil Temple edit,São Paulo,Brazil,South America,1.85,59246,0,1 March 1975,20 March 1976,James E. Faust,30 October 1978,Spencer W. Kimball,2,4,No,Full,"Modern, single spire",Emil B. Fetzer
18Closed for renovation,Tokyo Japan Temple edit,Tokyo,Japan,Asia,0.46,52590,178,9 August 1975,10 April 1978,,27 October 1980,Spencer W. Kimball,2,5,No,Full,"Modern, single spire",Emil B. Fetzer
19Operating,Seattle Washington Temple edit,Washington,United States,North America,23.5,110000,179,"November 15, 1975","May 27, 1978",Marion G. Romney,"November 17, 1980",Spencer W. Kimball,4,13,No,Yes,"Modern, single spire",Emil B. Fetzer
20Operating,Jordan River Utah Temple edit,Utah,United States,North America,15,148236,219,"February 3, 1978","June 9, 1979",Spencer W. Kimball,"November 16, 1981",Marion G. Romney,6,17,No,Full,"Modern, center spire",Emil B. Fetzer
21Operating,Atlanta Georgia Temple edit,Georgia,United States,North America,9.6,34500,92,"April 2, 1980","March 7, 1981",Spencer W. Kimball,"June 1, 1983",Gordon B. Hinckley,4,5,No,Limited,"Modern, single spire",Emil B. Fetzer
22Operating,Apia Samoa Templeedit,Tuamasaga,Samoa,Oceania,2,18691,75,"October 15, 1977","October 19, 2003",Dennis E. Simmons,"August 5, 1983",Gordon B. Hinckley,2,2,No,No,"Classic Modern, single spire","Naylor, Wentworth, Lund"
23Operating,Nuku'alofa Tonga Temple edit,Tongatapu,Tonga,Oceania,1.2,21184,0,2 April 1980,18 February 1981,Spencer W. Kimball,9 August 1983,Gordon B. Hinckley,2,3,No,No,"Modern, single-spire design",Emil B. Fetzer
24Operating,Santiago Chile Temple edit,Santiago,Chile,South America,2.61,20831,76,2 April 1980,30 May 1981,Spencer W. Kimball,15 September 1983,Gordon B. Hinckley,2,3,No,No,"Modern, single-spire",Emil B. Fetzer
25Operating,Papeete Tahiti Temple edit,Windward Islands,French Polynesia,Oceania,1.7,12150,66,2 April 1980,13 February 1981,Spencer W. Kimball,27 October 1983,Gordon B. Hinckley,2,2,No,No,"Sloping roof, single spire",Emil B. Fetzer
26Operating,Mexico City Mexico Temple edit,Mexico City,Mexico,North America,7,116642,152,3 April 1976,25 November 1979,Boyd K. Packer,2 December 1983,Gordon B. Hinckley,4,11,Yes,Full,"Modern Mayan, single spire",Emil B. Fetzer
27Operating,Boise Idaho Temple edit,Idaho,United States,North America,4.83,35868,112,"March 31, 1982","December 18, 1982",Mark E. Petersen,"May 25, 1984",Gordon B. Hinckley,4,4,No,None,"Sloping roof, six spire",Church A&E Services
28Operating,Sydney Australia Temple edit,New South Wales,Australia,Oceania,3,30677,0,2 April 1980,13 August 1982,Bruce R. McConkie,20 September 1984,Gordon B. Hinckley,2,3,No,Full,"Modern, single spire",Emil B. Fetzer and R. Lindsay Little
29Operating,Manila Philippines Temple edit,Metro Manila,Philippines,Asia,3.5,26683,115,1 April 1981,25 August 1982,Gordon B. Hinckley,25 September 1984,Gordon B. Hinckley,4,3,No,No,"Sloping roof, six spire",Church A&E Services with Felipe M. Mendoza & Partners
30Operating,Dallas Texas Temple edit,Texas,United States,North America,6,44207,95,"April 1, 1981","January 22, 1983",Gordon B. Hinckley,"October 19, 1984",Gordon B. Hinckley,5,4,No,Full,"Sloping roof, six spire",Church A&E Services and West & Humphries
31Operating,Taipei Taiwan Temple edit,Taipei,Taiwan,Asia,0.5,9945,126,31 March 1982,27 August 1982,Gordon B. Hinckley,17 November 1984,Gordon B. Hinckley,4,3,No,No,"Sloping roof, six spire",Church A&E Services with Philip fei & Associations
32Operating,Guatemala City Guatemala Temple edit,Guatemala,Guatemala,North America,1.4,11610,126,1 April 1981,12 September 1982,Richard G. Scott,14 December 1984,Gordon B. Hinckley,4,3,No,Full,"Sloping roof, six-spire",Church A&E Services and Jose Asturias
33Operating,Freiberg Germany Temple edit,Saxony,Germany,Europe,3.58,21500,0,9 October 1982,23 April 1983,Thomas S. Monson,29 June 1985,Gordon B. Hinckley,2,2,No,No,"Sloping roof, single spire",Emil B. Fetzer and Rolf Metzner
34Operating,Stockholm Sweden Temple edit,Stockholm,Sweden,Europe,4.47,16366,112,1 April 1981,17 March 1984,Thomas S. Monson,2 July 1985,Gordon B. Hinckley,4,3,No,Limited,"Sloping roof, six spire",John Sjostrom and Church A&E Services
35Operating,Chicago Illinois Temple edit,Illinois,United States,North America,13,37062,112,"April 1, 1981","August 13, 1983",Gordon B. Hinckley,"August 9, 1985",Gordon B. Hinckley,5,4,No,Limited,"Sloping roof, six spire",Wight & Co and Church A&E Services
36Operating,Johannesburg South Africa Temple edit,Gauteng,South Africa,Africa,1,19184,112,1 April 1981,27 November 1982,Marvin J. Ashton,24 August 1985,Gordon B. Hinckley,4,3,No,No,"Sloping roof, six-spire",Church A&E Services and Halford & Halford
37Operating,Seoul Korea Temple edit,Seoul,South Korea,Asia,1,28057,112,1 April 1981,9 May 1983,Marvin J. Ashton,14 December 1985,Gordon B. Hinckley,1,3,yes,Limited,"Sloping roof, six spire",Church A&E Services and Komerican Architects
38Operating,Lima Peru Temple edit,Lima,Peru,South America,0,,0,1 April 1981,11 September 1982,Boyd K. Packer,10 January 1986,Gordon B. Hinckley,4,3,No,Full,"Sloping roof, six-spire",Jesse M. Harris
39Operating,Buenos Aires Argentina Temple edit,Buenos Aires,Argentina,South America,3.73,30659,112,2 April 1980,20 April 1983,Bruce R. McConkie,17 January 1986,Thomas S. Monson,4,3,No,Full,"Sloping roof, six spire",Ramon Paez and Church A&E Services
40Operating,Denver Colorado Temple edit,Colorado,United States,North America,7.5,29177,90,"March 31, 1982","May 19, 1984",Gordon B. Hinckley,"October 24, 1986",Ezra Taft Benson,4,6,No,No,"Modern, single spire",Church A&E Services and Bobby R. Thomas
41Operating,Frankfurt Germany Temple edit,Hesse,Germany,Europe,5.6,32895,82,1 April 1981,1 July 1985,Gordon B. Hinckley,28 August 1987,Ezra Taft Benson,4,4,No,Limited,"Sloping roof, single detached spire",Church A&E Services and Borchers-Metzner-Kramer
42Operating,Portland Oregon Temple edit,Oregon,United States,North America,7.3,80500,181,"April 7, 1984","September 20, 1986",Gordon B. Hinckley,"August 19, 1989",Gordon B. Hinckley,4,14,Available,Available,"Sloping roof, six spire",Leland A. Gray
43Operating,Las Vegas Nevada Temple edit,Nevada,United States,North America,10.3,80350,137,"April 7, 1984","November 30, 1985",Gordon B. Hinckley,"December 16, 1989",Gordon B. Hinckley,4,6,Not available,Available,"Sloping roof, six spire",Tate & Snyder Architects
44Operating,Toronto Ontario Temple edit,Ontario,Canada,North America,13.4,57982,171,7 April 1984,10 October 1987,Thomas S. Monson,25 August 1990,Gordon B. Hinckley,4,6,No,Limited Vending,"Modern, single spire",Allward-Gouinlock Inc.
45Operating,San Diego California Temple edit,California,United States,North America,7.2,72000,169,"April 7, 1984","February 27, 1988",Ezra Taft Benson,"April 25, 1993",Gordon B. Hinckley,4,8,No,Full,"Modern, two-tower","William S. Lewis, Jr."
46Operating,Orlando Florida Temple edit,Florida,United States,North America,13,70000,165,"April 6, 1991","June 20, 1992",James E. Faust,"October 9, 1994",Howard W. Hunter,4,5,No,Limited,"Classic modern, center spire",Scott Partnership Architects
47Operating,Bountiful Utah Temple edit,Utah,United States,North America,9,104000,176,"April 6, 1991","May 2, 1992",Ezra Taft Benson,"January 8, 1995",Howard W. Hunter,4,8,No,Full,"Classic modern, center spire",Allen B. Erekson
48Closed for renovation,Hong Kong China Temple edit,Hong Kong,China,Asia,0.3,21744,135,3 October 1992,22 January 1994,John K. Carmack,26 May 1996,Gordon B. Hinckley,2,2,No,No,"Hong Kong Colonial, single spire",Liang Peddle Thorpe Architects
49Operating,Mount Timpanogos Utah Temple edit,Utah,United States,North America,16.7,107240,190,"October 3, 1992","October 9, 1993",Gordon B. Hinckley,"October 13, 1996",Gordon B. Hinckley,4,8,No,Full,"Classic modern, single spire","Allen Erekson, Keith Stepan, and Church A&E Services"
50Operating,St. Louis Missouri Temple edit,Missouri,United States,North America,14,58749,150,"December 29, 1990","October 30, 1993",Gordon B. Hinckley,"June 1, 1997",Gordon B. Hinckley,4,4,No,Limited,"Classic modern, single spire",Chiodini Associates
51Operating,Vernal Utah Temple edit,Utah,United States,North America,1.6,38771,0,"February 13, 1994","May 13, 1995",Gordon B. Hinckley,"November 2, 1997",Gordon B. Hinckley,2,3,No,No,Existing building adapted,FFKR Architects
52Operating,Preston England Temple edit,North West England,United Kingdom,Europe,15,69630,159,19 October 1992,12 June 1994,Gordon B. Hinckley,7 June 1998,Gordon B. Hinckley,4,4,No,Full,"Modern, single spire",Church A&E Services
53Operating,Monticello Utah Temple edit,Utah,United States,North America,1.33,11225,66,"October 4, 1997","November 17, 1997",Ben B. Banks,"July 26, 1998",Gordon B. Hinckley,2,2,No,No,Smaller and remote area 1[1],Church A&E Services
54Operating,Anchorage Alaska Temple edit,Alaska,United States,North America,5.4,11937,71,"October 4, 1997","April 17, 1998",F. Melvin Hammond,"January 9, 1999",Gordon B. Hinckley,2,1,Not available,Not available,,McCool Carlson Green
55Operating,Colonia Juárez Chihuahua Mexico Temple edit,Chihuahua,Mexico,North America,2.56,6800,71,4 October 1997,7 March 1998,Eran A. Call,6 March 1999,Gordon B. Hinckley,1,1,No,No,Smaller and remote area 1[1],Alvaro Inigo and Church A&E Services
56Operating,Madrid Spain Temple edit,Madrid,Spain,Europe,3.5,45800,0,4 April 1993,11 June 1996,Gordon B. Hinckley,19 March 1999,Gordon B. Hinckley,4,4,No,Full,"Classic modern, single-spire","Arquitechior Langdon, SA."
57Operating,Bogotá Colombia Temple edit,Distrito Capital,Colombia,South America,3.71,53500,124,7 April 1984,26 June 1993,William R. Bradford,24 April 1999,Gordon B. Hinckley,4,3,No,Full,"Classic modern, single spire",Cerrano y Gomez Cuellar
58Operating,Guayaquil Ecuador Temple edit,Guayas,Ecuador,South America,6.2,45000,0,31 March 1982,10 August 1996,Richard G. Scott,1 August 1999,Gordon B. Hinckley,4,3,No,Full,"Classic modern, single spire","Rafael Velez Calisto, Architects & Consultants and Church A&E Services"
59Operating,Spokane Washington Temple edit,Washington,United States,North America,2,10700,71,"August 13, 1998","October 10, 1998",F. Melvin Hammond,"August 21, 1999",Gordon B. Hinckley,2,2,No,No,,
60Closed for renovation,Columbus Ohio Temple edit,Ohio,United States,North America,1.35,10700,71,"April 25, 1998","September 12, 1998",John K. Carmack,"September 4, 1999",Gordon B. Hinckley,2,2,No,No,"Classic modern, single spire[2]",Firestone J. Mullin
61Operating,Bismarck North Dakota Temple edit,North Dakota,United States,North America,1.6,10700,71,"July 29, 1998","October 17, 1998",Kenneth Johnson,"September 19, 1999",Gordon B. Hinckley,2,2,No,No,"Classic modern, single spire[2]",Ritterbush-Ellig-Hulsing and Church A&E Services
62Operating,Columbia South Carolina Temple edit,South Carolina,United States,North America,3.6,10700,71,"September 11, 1998","December 5, 1998",Gordon T. Watts,"October 16, 1999",Gordon B. Hinckley,2,2,No,No,"Classic modern, single spire",Mike Watson
63Operating,Detroit Michigan Temple edit,Michigan,United States,North America,6.34,10700,71,"August 10, 1998","October 10, 1998",Jay E. Jensen,"October 23, 1999",Gordon B. Hinckley,2,2,No,No,"Classic modern, single spire[2]",Joan Coakley
64Operating,Halifax Nova Scotia Temple edit,Nova Scotia,Canada,North America,2,10700,71,"May 7, 1998","October 12, 1998",Jay E. Jensen,"November 14, 1999",Gordon B. Hinckley,2,2,No,No,,"L.A. Beaubien and Associates, and Church A&E Services"
65Operating,Regina Saskatchewan Temple edit,Saskatchewan,Canada,North America,1,10700,71,"August 3, 1998","November 14, 1998",Hugh W. Pinnock,"November 14, 1999",Boyd K. Packer,2,2,No,No,"Classic modern, single spire[2]",Roger B. Mitchell and Church A&E Services
66Operating,Billings Montana Temple edit,Montana,United States,North America,10,33800,0,"August 30, 1996","March 30, 1998",Hugh W. Pinnock,"November 20, 1999",Gordon B. Hinckley,2,3,No,Limited,"Classic modern, single spire",CTA Architects Engineers
67Operating,Edmonton Alberta Temple edit,Alberta,Canada,North America,1,10700,71,"August 11, 1998","February 27, 1999",Yoshihiko Kikuchi,"December 11, 1999",Gordon B. Hinckley,2,2,No,No,"Classic modern, single spire[2]",Robert Bennett and Church A&E Services
68Operating,Raleigh North Carolina Temple edit,North Carolina,United States,North America,3.17,12864,71,"September 3, 1998","February 6, 1999",Loren C. Dunn,"December 18, 1999",Gordon B. Hinckley,2,2,No,No,"Classic modern, single spire[2]",Dan Dills
69Operating,St. Paul Minnesota Temple edit,Minnesota,United States,North America,7.5,10700,71,"July 29, 1998","September 26, 1998",Hugh W. Pinnock,"January 9, 2000",Gordon B. Hinckley,2,2,No,No,"Classic modern, single spire[2]","Ed Kodet, Jr. and Church A&E Services"
70Operating,Kona Hawaii Temple edit,Hawaii,United States,North America,7.02,10700,71,"May 7, 1998","March 13, 1999",John B. Dickson,"January 23, 2000",Gordon B. Hinckley,2,2,No,No,"Classic modern, single spire[2]","Church A & E Services, Bob Lowder"
71Operating,Ciudad Juárez Mexico Temple edit,Chihuahua,Mexico,North America,1.64,10700,71,7 May 1998,9 January 1999,Eran A. Call,26 February 2000,Gordon B. Hinckley,2,2,No,No,"Classic modern, single spire[2]",Alvaro Inigo and Church A&E Services
72Operating,Hermosillo Sonora Mexico Temple edit,Sonora,Mexico,North America,1.54,10769,71,20 July 1998,5 December 1998,Eran A. Call,27 February 2000,Gordon B. Hinckley,2,2,No,No,"Classic modern, single spire",Alvaro Inigo and Church A&E Services
73Operating,Albuquerque New Mexico Temple edit,New Mexico,United States,North America,8.5,34245,0,"April 4, 1997","June 20, 1998",Lynn A. Mickelsen,"March 5, 2000",Gordon B. Hinckley,2,3,No,No,"Classic modern, single spire",Fanning Bard & Tatum
74Operating,Oaxaca Mexico Temple edit,Oaxaca,Mexico,North America,1.87,10700,71,3 February 1999,13 March 1999,Carl B. Pratt,11 March 2000,James E. Faust,2,2,No,No,"Classic modern, single spire[2]",Alvaro Inigo and Church A&E Services
75Operating,Tuxtla Gutiérrez Mexico Temple edit,Chiapas,Mexico,North America,1.56,10700,71,25 February 1999,20 March 1999,Richard E. Turley Sr.,12 March 2000,James E. Faust,2,2,No,No,"Classic modern, single spire[2]",Alvaro Inigo and Church A&E Services
76Operating,Louisville Kentucky Temple edit,Kentucky,United States,North America,3,10700,71,"March 17, 1999","May 29, 1999",John K. Carmack,"March 19, 2000",Thomas S. Monson,2,2,Not available,Not available,"Classic modern, single spire[2]",Firestone Jaros Mullin--Mike Karpinski Architect
77Operating,Palmyra New York Temple edit,New York,United States,North America,5,10900,71,"February 21, 1999","May 25, 1999",Gordon B. Hinckley,"April 6, 2000",Gordon B. Hinckley,2,2,Available,Not available,,Dave A. RichardsChurch A&E Services
78Operating,Fresno California Temple edit,California,United States,North America,2.34,10700,71,"January 8, 1999","March 20, 1999",John B. Dickson,"April 9, 2000",Gordon B. Hinckley,2,2,Not available,Not available,"Classic modern, single spire",Paul Stommel AIA
79Operating,Medford Oregon Temple edit,Oregon,United States,North America,2,10700,71,"March 15, 1999","May 20, 1999",D. Lee Tobler,"April 16, 2000",James E. Faust,2,2,Not available,Not available,"Classic modern, single spire[2]","Dan Park, Church A&E Services, Joseph E. Marty, Architect"
80Operating,Memphis Tennessee Temple edit,Tennessee,United States,North America,6.35,10890,71,"September 17, 1998","January 16, 1999",Gordon T. Watts,"April 23, 2000",James E. Faust,2,2,Not available,Not available,"Classic modern, single spire[2]",Dusty DriverChurch A&E Services
81Operating,Reno Nevada Temple edit,Nevada,United States,North America,7.9,10700,71,"April 12, 1999","July 24, 1999",Rex D. Pinegar,"April 23, 2000",Thomas S. Monson,2,2,Not available,Not available,"Classic modern, single spire[2]",Church A&E Services
82Operating,Cochabamba Bolivia Temple edit,Cochabamba,Bolivia,South America,6.67,33302,0,13 January 1995,10 November 1996,Gordon B. Hinckley,30 April 2000,Gordon B. Hinckley,2,3,No,Full,"Classic modern, single spire",BSW and Church A&E Services
83Operating,Tampico Mexico Temple edit,Tamaulipas,Mexico,North America,2.96,10700,71,8 July 1998,28 November 1998,Eran A. Call,20 May 2000,Thomas S. Monson,2,2,No,No,"Classic modern, single spire[2]",Alvaro Inigo and Church A&E Services
84Operating,Nashville Tennessee Temple edit,Tennessee,United States,North America,6.86,10700,71,"November 9, 1994","March 13, 1999",John K. Carmack,"May 21, 2000",James E. Faust,2,2,No,No,"Classic modern, single spire[2]",Robert Waldrip and Church A&E Services
85Operating,Villahermosa Mexico Temple edit,Tabasco,Mexico,North America,1.36,10700,71,30 October 1998,9 January 1999,Richard E. Turley Sr.,21 May 2000,Thomas S. Monson,2,2,No,No,"Classic modern, single spire[2]",Alvaro Inigo and Church A&E Services
86Operating,Montreal Quebec Temple edit,Quebec,Canada,North America,2.4,11550,71,6 August 1998,9 April 1999,Gary J. Coleman,4 June 2000,Gordon B. Hinckley,2,2,No,No,"Classic modern, single spire[2]","Andrij Serbyn, Fichten Soiferman and Church A&E Services"
87Operating,San José Costa Rica Temple edit,San José,Costa Rica,North America,1.93,10700,71,17 March 1999,24 April 1999,Lynn G. Robbins,4 June 2000,James E. Faust,2,2,No,No,"Classic modern, single spire[2]",Álvaro Íñigo and Church A&E Services
88Operating,Fukuoka Japan Temple edit,Fukuoka,Japan,Asia,1.25,10700,71,"May 7, 1998","March 20, 1999",L. Lionel Kendrick,"June 11, 2000",Gordon B. Hinckley,2,2,No,No,Smaller and remote area 3[3],Kanji Moriya and Church A&E Services
89Operating,Adelaide Australia Temple edit,South Australia,Australia,Oceania,6.94,10700,71,17 March 1999,29 May 1999,Vaughn J. Featherstone,15 June 2000,Gordon B. Hinckley,2,2,No,No,"Classic modern, single spire[2]",Simon Drew
90Operating,Melbourne Australia Temple edit,Victoria,Australia,Oceania,5.98,10700,71,"October 30, 1998","March 20, 1999",P. Bruce Mitchell,"June 16, 2000",Gordon B. Hinckley,2,2,No,No,"Classic modern, single spire[2]",Warwick Tempany and Church A&E Services
91Operating,Suva Fiji Temple edit,Rewa,Fiji,Oceania,4.7,12755,71,7 May 1998,8 May 1999,Earl M. Monson,18 June 2000,Gordon B. Hinckley,2,2,No,No,"Classic modern, single spire[2]",Conway Beg
92Operating,Mérida Mexico Temple edit,Yucatán,Mexico,North America,1.53,10700,71,25 September 1998,16 January 1999,Carl B. Pratt,8 July 2000,Thomas S. Monson,2,2,No,No,"Classic modern, single spire[2]",Alvaro Inigo and Church A&E Services
93Operating,Veracruz Mexico Temple edit,Veracruz,Mexico,North America,3.39,10700,71,14 April 1999,29 May 1999,Carl B. Pratt,9 July 2000,Thomas S. Monson,2,2,No,No,"Classic modern, single spire[2]",Alvaro Inigo and Church A&E Services
94Operating,Baton Rouge Louisiana Temple edit,Louisiana,United States,North America,6.3,10890,71,"October 14, 1998","May 8, 1999",Monte J. Brough,"July 16, 2000",Gordon B. Hinckley,2,2,No,No,"Classic modern, single spire[2]",Paul Tessier & Associates and Church A&E Services.
95Operating,Oklahoma City Oklahoma Temple edit,Oklahoma,United States,North America,1,10890,71,"March 14, 1999","July 3, 1999",Rex D. Pinegar,"July 30, 2000",James E. Faust,2,2,Not available,Not available,"Classic modern, single spire",Richard Lueb and Church A&E Services
96Operating,Caracas Venezuela Temple edit,Distrito Capital,Venezuela,South America,0.5,15332,0,30 September 1995,10 January 1999,Francisco J. Viñas,20 August 2000,Gordon B. Hinckley,2,2,No,No,"Classic modern, single spire",Taller de Arquitectura and Church A&E Services
97Operating,Houston Texas Temple edit,Texas,United States,North America,11,33970,159,"September 30, 1997","June 13, 1998",Lynn A. Mickelsen,"August 26, 2000",Gordon B. Hinckley,2,3,No,No,"Classic modern, single spire",Spencer Partnership Architects and Church A&E Services
98Operating,Birmingham Alabama Temple edit,Alabama,United States,North America,5.6,10700,71,"September 11, 1998","October 9, 1999",Stephen A. West,"September 3, 2000",Gordon B. Hinckley,2,2,No,No,"Classic modern, single spire[2]",Robert Waldrip and Church A&E Services
99Operating,Santo Domingo Dominican Republic Temple edit,National District,Dominican Republic,North America,6.42,67000,0,"November 16, 1993","August 18, 1996",Richard G. Scott,"September 17, 2000",Gordon B. Hinckley,2,2,No,Limited,"Classic modern, single spire",Scott Partnership and Church A&E Services
100Operating,Boston Massachusetts Temple edit,Massachusetts,United States,North America,8,69600,139,"September 30, 1995","June 13, 1997",Richard G. Scott,"October 1, 2000",Gordon B. Hinckley,4,4,No,Vending,"Classic modern, single spire",Tsoi/Kobus & Associates and Church A&E Services
101Operating,Recife Brazil Temple edit,Pernambuco,Brazil,South America,5.59,37200,0,13 January 1995,11 November 1996,Gordon B. Hinckley,15 December 2000,Gordon B. Hinckley,2,3,No,Full,"Classic modern, single spire",Jerônimo da Cunha Lima (J&P Arquitetos Ltda.) and Church A&E Services
102Operating,Porto Alegre Brazil Temple edit,Rio Grande do Sul,Brazil,South America,2,10700,71,30 September 1997,2 May 1998,James E. Faust,17 December 2000,Gordon B. Hinckley,2,2,No,No,"Classic modern, single spire[2]",Andre Belo de Faria and Church A&E Services
103Operating,Montevideo Uruguay Temple edit,Montevideo,Uruguay,South America,1.59,10700,71,2 November 1998,27 April 1999,Richard G. Scott,18 March 2001,Gordon B. Hinckley,2,2,No,No,"Classic modern, single spire[2]",Edvardo Signorelli
104Operating,Winter Quarters Nebraska Temple edit,Nebraska,United States,North America,1.92,16000,86,"June 14, 1999","November 28, 1999",Hugh W. Pinnock,"April 22, 2001",Gordon B. Hinckley,2,2,Mormon Trail Center,No,Smaller and remote area 2 story,Dan Reinhardt
105Operating,Guadalajara Mexico Temple edit,Jalisco,Mexico,North America,2.69,10700,71,14 April 1999,12 June 1999,Eran A. Call,29 April 2001,Gordon B. Hinckley,2,2,No,No,"Classic modern, single spire[2]",Alvaro Inigo and Church A&E Services
106Operating,Perth Australia Temple edit,Western Australia,Australia,Oceania,2.76,10700,71,"June 11, 1999","November 20, 1999",Kenneth Johnson,"May 20, 2001",Gordon B. Hinckley,2,2,No,No,"Classic modern, single spire[2]",Christou Cassella & JEC
107Operating,Columbia River Washington Temple edit,Washington,United States,North America,2.88,16880,0,"April 2, 2000","October 28, 2000",Stephen A. West,"November 18, 2001",Gordon B. Hinckley,2,2,No,No,,"A & E Services, Joseph E. Marty Architect"
108Operating,Snowflake Arizona Temple edit,Arizona,United States,North America,7.5,18621,0,"April 2, 2000","September 23, 2000",Rex D. Pinegar,"March 3, 2002",Gordon B. Hinckley,2,2,No,No,Smaller and remote area 3[4],Trest Polina
109Operating,Lubbock Texas Temple edit,Texas,United States,North America,2.7,16498,0,"April 2, 2000","November 4, 2000",Rex D. Pinegar,"April 21, 2002",Gordon B. Hinckley,2,2,No,No,Smaller and remote area 3,Tisdel Minckler and Associates.
110Operating,Monterrey Mexico Temple edit,Nuevo León,Mexico,North America,7.78,16498,0,21 December 1995,4 November 2000,Lynn A. Mickelsen,28 April 2002,Gordon B. Hinckley,2,2,No,No,Smaller and remote area 3,Alvaro Inigo
111Operating,Campinas Brazil Temple edit,São Paulo,Brazil,South America,6.18,49100,0,3 April 1997,1 May 1998,James E. Faust,17 May 2002,Gordon B. Hinckley,4,3,No,Full,"Classic modern, single spire","JCL Arquitetos Ltd., and Church A&E Services"
112Operating,Asunción Paraguay Temple edit,Distrito Capital,Paraguay,South America,1.13,11906,71,2 April 2000,3 February 2001,Jay E. Jensen,19 May 2002,Gordon B. Hinckley,2,2,No,No,"Classic modern, single spire[2]",Eduardo Signorelli
113Operating,Nauvoo Illinois Temple edit,Illinois,United States,North America,3.3,54000,162,"April 4, 1999","October 24, 1999",Gordon B. Hinckley,"June 27, 2002",Gordon B. Hinckley,4,6,Yes,No,Greek revival,FFKR Architecture[5] based on design by William Weeks
114Operating,The Hague Netherlands Temple edit,South Holland,Netherlands,Europe,2.7,10500,71,16 August 1999,26 August 2000,John K. Carmack,8 September 2002,Gordon B. Hinckley,2,2,No,No,"Classic modern, single spire",Albert van Eerde
115Operating,Brisbane Australia Temple edit,Queensland,Australia,Oceania,0.86,10700,71,"July 20, 1998","May 26, 2001",Kenneth Johnson,"June 15, 2003",Gordon B. Hinckley,2,2,No,No,"Classic modern, single spire[2]","Phillips, Smith, Conwell"
116Operating,Redlands California Temple edit,California,United States,North America,4.6,17300,0,"April 21, 2001","December 1, 2001",Dieter F. Uchtdorf,"September 14, 2003",Gordon B. Hinckley,2,3,No,No,Smaller and remote area 3,Lloyd Platt & Associates with Higginson & Cartozian
117Operating,Accra Ghana Temple edit,Greater Accra,Ghana,Africa,6,17500,0,16 February 1998,16 November 2001,Russell M. Nelson,11 January 2004,Gordon B. Hinckley,2,2,No,No,Smaller and remote area 3,ARUP
118Operating,Copenhagen Denmark Temple edit,Hovedstaden,Denmark,Europe,0.6,25000,0,17 March 1999,24 April 1999,Spencer J. Condie,23 May 2004,Gordon B. Hinckley,2,2,No,No,Existing building adapted,Arcito
119Operating,Manhattan New York Temple edit,New York,United States,North America,0.3,20630,0,"August 7, 2002","September 23, 2002",Gordon B. Hinckley,13 June 2004,Gordon B. Hinckley,2,2,No,No,Existing building adapted,Frank Fernandez
120Operating,San Antonio Texas Temple edit,Texas,United States,North America,5.5,16800,115,"June 24, 2001","March 29, 2003",H. Bruce Stucki,"May 22, 2005",Gordon B. Hinckley,2,2,No,No,Smaller and remote area 3,"Rehler, Vaughn & Koone"
121Operating,Aba Nigeria Temple edit,Abia,Nigeria,Africa,6.3,11500,0,2 April 2000,23 February 2002,H. Bruce Stucki,7 August 2005,Gordon B. Hinckley,2,2,No,No,"Classic modern, single spire",Adeniyi Coker Consultants Limited
122Operating,Newport Beach California Temple edit,California,United States,North America,8.8,17800,90,"April 21, 2001","August 15, 2003",Duane B. Gerrard,"August 28, 2005",Gordon B. Hinckley,2,3,No,No,Smaller and remote area 3,Lloyd Platt and Allen Erekson
123Operating,Sacramento California Temple edit,California,United States,North America,46,19500,131,"April 21, 2001","August 22, 2004",Gordon B. Hinckley,"September 3, 2006",Gordon B. Hinckley,2,4,No,No,"Classic modern, single spire","Joseph Marty Architect, Brian Everett and Maury Maher"
124Operating,Helsinki Finland Temple edit,Uusimaa,Finland,Europe,7.4,16350,139,2 April 2000,29 March 2003,D. Lee Tobler,22 October 2006,Gordon B. Hinckley,2,2,No,No,Smaller and remote area 3,Evata Architects
125Operating,Rexburg Idaho Temple edit,Idaho,United States,North America,10,57504,169,"December 20, 2003","July 30, 2005",John H. Groberg,"February 10, 2008",Thomas S. Monson,4,5,No,Limited Vending,"Classic modern, single-spire design",Architectural Nexus; Bob Petroff
126Operating,Curitiba Brazil Temple edit,Paraná,Brazil,South America,8.15,27850,125,23 August 2002,10 March 2005,Russell M. Nelson,1 June 2008,Thomas S. Monson,2,2,No,No,"Classic modern, single-spire",Jeronimo da Cunha Lima and GSBS
127Operating,Panama City Panama Temple edit,Panamá,Panama,North America,6.96,18943,111,23 August 2002,30 October 2005,Spencer V. Jones,10 August 2008,Thomas S. Monson,2,2,No,No,"Classic modern, single spire",Mallol & Mallol and Naylor W. Lund
128Operating,Twin Falls Idaho Temple edit,Idaho,United States,North America,9.1,31245,159,"October 2, 2004","April 15, 2006",Neil L. Andersen,"August 24, 2008",Thomas S. Monson,2,3,No,No,"Classic modern, single-spire design","MHTN Architects, Inc"
129Operating,Draper Utah Temple edit,Utah,United States,North America,12,58300,168.67,"October 2, 2004","August 5, 2006",Gordon B. Hinckley,"March 20, 2009",Thomas S. Monson,4,5,No,No,"Classic modern, single-spire design",FFKR Architects
130Operating,Oquirrh Mountain Utah Temple edit,Utah,United States,North America,11,60000,183,"October 1, 2005","December 16, 2006",Gordon B. Hinckley,"August 23, 2009",Thomas S. Monson,4,6,No,No,"Classic modern, single-spire design",Naylor Wentworth
131Operating,Vancouver British Columbia Temple edit,British Columbia,Canada,North America,11.6,28165,0,25 May 2006,4 August 2007,Ronald A. Rasband,2 May 2010,Thomas S. Monson,2,2,No,No,"Classic modern, single-spire design",Abbarch Architecture and GSBS
132Operating,Gila Valley Arizona Temple edit,Arizona,United States,North America,17,18561,100,"April 26, 2008","February 14, 2009",Neil L. Andersen[6],"May 23, 2010",Thomas S. Monson,2,2,No,No,,Gregory B. Lambright
133Operating,Cebu City Philippines Temple edit,Central Visayas,Philippines,Asia,11.6,29556,140,"April 18, 2006","November 14, 2007",Dallin H. Oaks[7],"June 13, 2010",Thomas S. Monson,2,2,No,No,"Classic modern, single spire",Architectural Nexus and Recio & Casa Architects
134Operating,Kyiv Ukraine Temple edit,Kyiv,Ukraine,Europe,12.35,22184,137.8,20 July 1998,23 June 2007,Paul B. Pieper,29 August 2010,Thomas S. Monson[8],2,2,No,No,"Classic modern, single spire",MHTN and Strabag AG
135Operating,San Salvador El Salvador Temple edit,La Libertad,El Salvador,North America,6.5,27986,0,7 November 2007,20 September 2008,Don R. Clarke,21 August 2011,Henry B. Eyring,2,2,No,No,,
136Operating,Quetzaltenango Guatemala Temple edit,Quetzaltenango,Guatemala,North America,6.47,21085,0,17 December 2006,14 March 2009,Don R. Clarke,11 December 2011,Dieter F. Uchtdorf,2,2,,no,,Naylor Wentworth Lund Architects
137Operating,Kansas City Missouri Temple edit,Missouri,United States,North America,8.05,32000,0,"October 4, 2008","May 8, 2010",Ronald A. Rasband,"May 6, 2012",Thomas S. Monson,2,3,No,No,,
138Operating,Manaus Brazil Temple edit,Amazonas,Brazil,South America,7.7,32032,0,23 May 2007,20 June 2008,Charles A. Didier,10 June 2012,Dieter F. Uchtdorf[9],0,0,,,,
139Operating,Brigham City Utah Temple edit,Utah,United States,North America,3.14,36000,165,"October 3, 2009","July 31, 2010",Boyd K. Packer,"September 23, 2012",Boyd K. Packer,2,0,,No,"Classic modern, two-spire design",
140Operating,Calgary Alberta Temple edit,Alberta,Canada,North America,10.17,33000,115,4 October 2008,15 May 2010,Donald L. Hallstrom,28 October 2012,Thomas S. Monson,0,0,,,"Classic modern, single-spire design",
141Operating,Tegucigalpa Honduras Temple edit,Francisco Morazán,Honduras,North America,13.6,28254,0,9 June 2006,12 September 2009,Don R. Clarke,17 March 2013,Dieter F. Uchtdorf,0,0,,,"Classic modern, single spire",
142Operating,Gilbert Arizona Temple edit,Arizona,United States,North America,15.38,85326,195,"April 26, 2008","November 13, 2010",Claudio R. M. Costa,"March 2, 2014",Henry B. Eyring & Thomas S. Monson,3,7,No,No,Center spire,
143Operating,Fort Lauderdale Florida Temple edit,Florida,United States,North America,16.82,30500,100,"October 3, 2009","June 18, 2011",Walter F. González,"May 4, 2014",Dieter F. Uchtdorf,2,3,No,No,,
144Operating,Phoenix Arizona Temple edit,Arizona,United States,North America,5.19,64870,0,"May 24, 2008","June 4, 2011",Ronald A. Rasband,"November 16, 2014",Thomas S. Monson,2,0,No,,,
145Operating,Córdoba Argentina Temple edit,Córdoba,Argentina,South America,5.18,34369,0,4 October 2008,30 October 2010,Neil L. Andersen,17 May 2015,Dieter F. Uchtdorf,0,0,,,,
146Operating,Payson Utah Temple edit,Utah,United States,North America,10.63,96630,0,"January 25, 2010","October 8, 2011",Dallin H. Oaks,"June 7, 2015",Henry B. Eyring,0,0,,,,
147Operating,Trujillo Peru Temple edit,La Libertad,Peru,South America,8.9,28200,0,13 December 2008,14 September 2011,Rafael E. Pino,21 June 2015,Dieter F. Uchtdorf,0,0,,,,
148Operating,Indianapolis Indiana Temple edit,Indiana,United States,North America,18.11,34000,0,"October 2, 2010","September 29, 2012",Donald L. Hallstrom,"August 23, 2015",Henry B. Eyring,0,0,,,,
149Operating,Tijuana Mexico Templeedit,Baja California,Mexico,North America,9.4,33367,0,2 October 2010,18 August 2012,Benjamin de Hoyos,13 December 2015,Dieter F. Uchtdorf,0,0,,,,
150Operating,Provo City Center Temple edit,Utah,United States,North America,5.6,85084,150,"October 1, 2011","May 12, 2012",Jeffrey R. Holland,"March 20, 2016",Dallin H. Oaks,3,5,,,,
151Operating,Sapporo Japan Temple edit,Hokkaido,Japan,Asia,9.8,48480,0,3 October 2009,22 October 2011,Gary E. Stevenson,21 August 2016,Russell M. Nelson,0,0,,,,
152Operating,Philadelphia Pennsylvania Temple edit,Pennsylvania,United States,North America,1.6,61466,0,"October 4, 2008","September 17, 2011",Henry B. Eyring,"September 18, 2016",Henry B. Eyring[10],0,0,,,,
153Operating,Fort Collins Colorado Temple edit,Colorado,United States,North America,15.69,42000,112,"April 2, 2011","August 24, 2013",Ronald A. Rasband[11],"October 16, 2016",Dieter F. Uchtdorf,0,0,,,,
154Operating,Star Valley Wyoming Temple edit,Wyoming,United States,North America,43.6,18609,0,"October 1, 2011","April 25, 2015",Craig C. Christensen,"October 30, 2016",David A. Bednar,0,0,,,,
155Operating,Hartford Connecticut Temple edit,Connecticut,United States,North America,11.3,32246,30,"October 2, 2010","August 17, 2013",Thomas S. Monson[12],"November 20, 2016",Henry B. Eyring,0,0,,,,
156Operating,Paris France Temple edit,Île-de-France,France,Europe,2.26,44175,0,15 July 2011,No formal groundbreaking[13],,21 May 2017,Henry B. Eyring,0,0,,,,
157Operating,Tucson Arizona Temple edit,Arizona,United States,North America,7,38216,0,"October 6, 2012","October 17, 2015",Dieter F. Uchtdorf[14],"August 13, 2017",Dieter F. Uchtdorf[15],2,2,,,,
158Operating,Meridian Idaho Temple edit,Idaho,United States,North America,15.73,67331,0,"April 2, 2011","August 23, 2014",David A. Bednar,"November 19, 2017",Dieter F. Uchtdorf,0,0,,,,
159Operating,Cedar City Utah Temple edit,Utah,United States,North America,9.5,42657,260.5,"April 6, 2013","August 8, 2015[16][17]",L. Whitney Clayton[18],"December 10, 2017",Henry B. Eyring,0,0,No,No,,"Architectural Nexus, Salt Lake City, Utah"
160Operating,Concepción Chile Temple edit,Biobío,Chile,South America,4.06,23095,124,3 October 2009,17 October 2015,Walter F. González[19],28 October 2018,Russell M. Nelson,0,0,,,"Neoclassical, 1-spire[20]",
161Operating,Barranquilla Colombia Temple edit,Atlántico,Colombia,South America,6,24000,107,1 October 2011,20 February 2016[21],Juan A. Uceda,9 December 2018[22],Dallin H. Oaks,0,0,,,Republican (Neoclassic),
162Operating,Rome Italy Temple edit,Lazio,Italy,Europe,14.5,41010,0,4 October 2008,23 October 2010,Thomas S. Monson,10 March 2019,Russell M. Nelson,0,0,Yes,,"Classic modern, two-spire design",
163Operating,Kinshasa Democratic Republic of the Congo Templeedit,Kinshasa,Democratic Republic of the Congo,Africa,5,12000,0,1 October 2011,12 February 2016[23],Neil L. Andersen,14 April 2019,Dale G. Renlund,0,0,,,,
164Operating,Fortaleza Brazil Temple edit,Ceará,Brazil,South America,10,36000,0,3 October 2009,15 November 2011,David A. Bednar,2 June 2019,Ulisses Soares[24],0,0,,,,
165Operating,Port-au-Prince Haiti Temple edit,Ouest,Haiti,North America,2.75,10396,0,5 April 2015,28 October 2017,Walter F. González,1 September 2019,David A. Bednar,0,0,No,No,,
166Operating,Lisbon Portugal Temple edit,Lisboa,Portugal,Europe,4.6,23730,0,2 October 2010,5 December 2015[25],Patrick Kearon,15 September 2019,Neil L. Andersen,0,0,Yes,,,"Simão Silva, ACS Architects"
167Operating,Arequipa Peru Templeedit,Arequipa,Peru,South America,7.91,26969,0,6 October 2012,4 March 2017,Carlos A. Godoy,15 December 2019,Ulisses Soares,0,0,,,,
168Operating,Durban South Africa Temple edit,KwaZulu-Natal,South Africa,Africa,14.49,19860,97.4,1 October 2011,9 April 2016[26],Carl B. Cook,16 February 2020,Ronald A. Rasband,0,0,,,,
169Dedication scheduled,Winnipeg Manitoba Temple edit,Manitoba,Canada,North America,8,16100,105,"April 2, 2011","December 3, 2016",Larry Y. Wilson,31 October 2021,Gerrit W. Gong,0,0,,,,
170Dedication scheduled,Pocatello Idaho Templeedit,Idaho,United States,North America,10.94,71125,196.5,2 April 2017,16 March 2019,Wilford W. Andersen,7 November 2021,M. Russell Ballard,4,4,no,no,,
171Dedication postponed,Rio de Janeiro Brazil Templeedit,Rio de Janeiro,Brazil,South America,3.2,TBD,0,6 April 2013,4 March 2017,Claudio R. M. Costa,TBD[27],,0,0,,,,
172Under construction,Abidjan Ivory Coast Temple edit,Abidjan,Ivory Coast,Africa,0.93,TBD,0,5 April 2015,8 November 2018,Neil L. Andersen,,,0,0,,,,
173Under construction,Urdaneta Philippines Templeedit,Ilocos,Philippines,Asia,6.2,TBD,0,2 October 2010,16 January 2019,Jeffrey R. Holland,,,0,0,,,,
174Under construction,Bangkok Thailand Templeedit,Bangkok,Thailand,Asia,1.7,44405,0,5 April 2015,26 January 2019,Robert C. Gay,,,0,0,,,,
175Under construction,Yigo Guam Templeedit,Yigo,Guam,Oceania,5.46,6860,0,7 October 2018,4 May 2019,Yoon Hwan Choi,,,0,0,,,,
176Under construction,Praia Cabo Verde Templeedit,Praia,Cabo Verde,Africa,3.5,8759,0,7 October 2018,4 May 2019,Paul V. Johnson,,,0,0,,,,
177Under construction,San Juan Puerto Rico Templeedit,San Juan,Puerto Rico,North America,2.88,TBD,0,7 October 2018,4 May 2019,Walter F. González,,,0,0,,,,
178Under construction,Quito Ecuador Templeedit,Pichincha,Ecuador,South America,3.9,TBD,0,3 April 2016,11 May 2019,Enrique R. Falabella,,,0,0,,,,
179Under construction,Lima Peru Los Olivos Templeedit,Lima,Peru,South America,2.46,TBD,0,3 April 2016,8 June 2019,Enrique R. Falabella,,,0,0,,,,
180Under construction,Belém Brazil Templeedit,Pará,Brazil,South America,6.71,TBD,0,3 April 2016,17 August 2019,Marcos A. Aidukaitis[28],,,0,0,,,,
181Under construction,Saratoga Springs Utah Templeedit,Utah,United States,North America,22.7,87000,0,2 April 2017,19 October 2019,Craig C. Christensen,,,0,0,,,,
182Under construction,Puebla Mexico Templeedit,Puebla,Mexico,North America,6.85,30000,0,7 October 2018,30 November 2019,Arnulfo Valenzuela,,,0,0,,,,
183Under construction,Richmond Virginia Templeedit,Virginia,United States,North America,11.17,40531,0,1 April 2018,11 April 2020,Randall K. Bennett,,,0,0,,,,
184Under construction,Layton Utah Templeedit,Utah,United States,North America,11.87,87000,0,1 April 2018,23 May 2020,Craig C. Christensen,,,0,0,,,,
185Under construction,Alabang Philippines Templeedit,Metro Manila,Philippines,Asia,2.6,TBD,0,2 April 2017,4 June 2020[29],Evan A. Schmutz[30],,,0,0,,,,
186Under construction,Auckland New Zealand Templeedit,Auckland,New Zealand,Oceania,2.62,TBD,0,7 October 2018,13 June 2020,Ian S. Ardern,,,0,0,,,,
187Under construction,Feather River California Templeedit,California,United States,North America,9.4,38000,0,7 October 2018,18 July 2020,Paul H. Watkins,,,0,0,,,,
188Under construction,Orem Utah Templeedit,Utah,United States,North America,15.39,70000,0,5 October 2019,5 September 2020,Craig C. Christensen,,,0,0,,,,
189Under construction,San Pedro Sula Honduras Templeedit,Cortés,Honduras,North America,8.56,30000,0,7 April 2019,5 September 2020,José Hernández[31],,,0,0,,,,
190Under construction,Brasília Brazil Templeedit,Federal District,Brazil,South America,6,25000,0,2 April 2017,26 September 2020,Adilson de Paula Parrella,,,0,0,,,,
191Under construction,Moses Lake Washington Templeedit,Washington,United States,North America,17,20000,0,7 April 2019,10 October 2020,David L. Stapleton,,,0,0,,,,
192Under construction,Taylorsville Utah Templeedit,Utah,United States,North America,7.5,70460,0,5 October 2019,31 October 2020,Gerrit W. Gong,,,0,0,,,,
193Under construction,Salta Argentina Templeedit,Salta,Argentina,South America,17.4,TBD,0,1 April 2018,4 November 2020,Benjamin De Hoyos,,,0,0,,,,
194Under construction,Bentonville Arkansas Templeedit,Arkansas,United States,North America,8.8,25000,0,5 October 2019,7 November 2020,David A. Bednar,,,0,0,,,,
195Under construction,Red Cliffs Utah Templeedit,Utah,United States,North America,14.7,96277,0,7 October 2018,7 November 2020,Jeffrey R. Holland,,,0,0,,,,
196Under construction,Davao Philippines Templeedit,Davao,Philippines,Asia,2.7,18450,0,7 October 2018,14 November 2020,Taniela B. Wakolo,,,0,0,,,,
197Under construction,Cobán Guatemala Templeedit,Alta Verapaz,Guatemala,North America,5.4,8800,0,5 October 2019,14 November 2020,Brian K. Taylor,,,0,0,,,,
198Under construction,McAllen Texas Templeedit,Texas,United States,North America,10.6,29732,0,5 October 2019,21 November 2020,Art Rascon,,,0,0,,,,
199Under construction,Antofagasta Chile Templeedit,Antofagasta,Chile,South America,2.2,23000,0,7 April 2019,27 November 2020,Juan Pablo Villar,,,0,0,,,,
200Under construction,Bengaluru India Templeedit,Karnataka,India,Asia,1.62,40000,0,1 April 2018,2 December 2020,Robert K. William,,,0,0,,,,
201Under construction,Okinawa Japan Templeedit,Okinawa,Japan,Asia,0.5,10000,0,7 April 2019,5 December 2020,Takashi Wada,,,0,0,,,,
202Under construction,Harare Zimbabwe Temple edit,Harare,Zimbabwe,Africa,6.7,17250,0,3 April 2016,12 December 2020,Edward Dube,,,0,0,,,,
203Under construction,Mendoza Argentina Templeedit,Mendoza,Argentina,South America,15,21000,0,7 October 2018,17 December 2020[32],Allen D. Haynie,,,0,0,,,,
204Under construction,Deseret Peak Utah Templeedit,Utah,United States,North America,17,70000,0,7 April 2019,15 May 2021[33],Brook P. Hales,,,0,0,,,,
205Under construction,Tallahassee Florida Templeedit,Florida,United States,North America,4.97,29000,0,5 April 2020,5 June 2021[34],James B. Martino,,,0,0,,,,
206Under construction,Syracuse Utah Templeedit,Utah,United States,North America,12.27,88886,0,5 April 2020,12 June 2021[35],Kevin R. Duncan,,,0,0,,,,
207Under construction,Helena Montana Templeedit,Montana,United States,North America,4.8,10000,0,4 April 2021,26 June 2021,Vern P. Stanfill,,,0,0,,,,
208Under construction,Salvador Brazil Templeedit,Bahia,Brazil,South America,4.85,TBD,0,7 October 2018,7 August 2021,Adilson de Paula Parrella,,,0,0,,,,
209Under construction,Pittsburgh Pennsylvania Templeedit,Pennsylvania,United States,North America,5.8,32000,0,5 April 2020,21 August 2021,Randall K. Bennett,,,0,0,,,,
210Under construction,Neiafu Tonga Templeedit,Vavaʻu,Tonga,Oceania,4.81,17000,75,7 April 2019,11 September 2021,‘Inoke F. Kupu,,,2,1,,,,
211Under construction,Nairobi Kenya Templeedit,Nairobi,Kenya,Africa,3.7,TBD,0,2 April 2017,11 September 2021,Joseph W. Sitati,,,0,0,,,,
212Under construction,Phnom Penh Cambodia Templeedit,Phnom Penh,Cambodia,Asia,3.16,10000,0,7 October 2018,18 September 2021,Veasna Kuonno Neang,,,0,0,,,,
213Under construction,Casper Wyoming Templeedit,Wyoming,United States,North America,9.5,10000,0,4 April 2021,9 October 2021,S. Gifford Nielsen,,,0,0,,,,
214Groundbreaking scheduled,Pago Pago American Samoa Templeedit,Western District,American Samoa,Oceania,1.71,17000,0,7 April 2019,30 October 2021,K. Brett Nattress,,,0,0,,,,
215Groundbreaking scheduled,Bacolod Philippines Templeedit,Western Visayas,Philippines,Asia,12.3,26700,0,5 October 2019,11 December 2021,Taniela B. Wakolo,,,0,0,,,,
216Site announced,Port Moresby Papua New Guinea Templeedit,National Capital District,Papua New Guinea,Oceania,4.45,9550,0,5 October 2019,,,,,0,0,,,,
217Site announced,Lindon Utah Templeedit,Utah,United States,North America,14,81000,0,4 October 2020,,,,,0,0,,,,
218Site announced,Port Vila Vanuatu Templeedit,Shefa,Vanuatu,Oceania,1.62,10000,0,4 October 2020,,,,,0,0,,,,
219Site announced,Tarawa Kiribati Templeedit,Tarawa,Kiribati,Oceania,0.8,10000,0,4 October 2020,,,,,0,0,,,,
220Site announced,Elko Nevada Templeedit,Nevada,United States,North America,5.2,10000,0,4 April 2021,,,,,0,0,,,,
221Site announced,Smithfield Utah Templeedit,Utah,United States,North America,13.3,81000,0,4 April 2021,,,,,0,0,,,,
222Site announced,Farmington New Mexico Templeedit,New Mexico,United States,North America,6.62,25000,0,4 April 2021,,,,,0,0,,,,
223Site announced,Grand Junction Colorado Templeedit,Colorado,United States,North America,6.94,25000,0,4 April 2021,,,,,0,0,,,,
224Site announced,Burley Idaho Templeedit,Idaho,United States,North America,10.1,38600,0,4 April 2021,,,,,0,0,,,,
225Site announced,Yorba Linda California Templeedit,California,United States,North America,5.4,30000,0,4 April 2021,,,,,0,0,,,,
226Site announced,Willamette Valley Oregon Templeedit,Oregon,United States,North America,10.5,30000,0,4 April 2021,,,,,0,0,,,,
227Site announced,Belo Horizonte Brazil Templeedit,Minas Gerais,Brazil,South America,11.8,27000,0,4 April 2021,,,,,0,0,,,,
228Site announced,Cali Colombia Templeedit,Valle del Cauca,Colombia,South America,3.14,9500,0,4 April 2021,,,,,0,0,,,,
229Site announced,Greater Guatemala City Guatemala Templeedit,Guatemala,Guatemala,North America,1.5,30000,0,4 October 2020,,,,,0,0,,,,
230Site announced,Torreón Mexico Templeedit,Durango,Mexico,North America,0.89,10000,0,4 April 2021,,,,,0,0,,,,
231Site announced,Ephraim Utah Templeedit,Utah,United States,North America,9.16,39000,0,1 May 2021,,,,,0,0,,,,
232Announced,Managua Nicaragua Templeedit,Managua,Nicaragua,North America,0,,0,1 April 2018,,,,,0,0,,,,
233Announced,Cagayan de Oro Philippines Templeedit,Northern Mindanao,Philippines,Asia,0,,0,1 April 2018,,,,,0,0,,,,
234Announced,Russia Templeedit,,Russia,Eurasia,0,,0,1 April 2018,,,,,0,0,,,,
235Announced,Lagos Nigeria Templeedit,Lagos,Nigeria,Africa,0,,0,7 October 2018,,,,,0,0,,,,
236Announced,Budapest Hungary Templeedit,Budapest,Hungary,Europe,0,,0,7 April 2019,,,,,0,0,,,,
237Announced,Freetown Sierra Leone Templeedit,Western,Sierra Leone,Africa,0,,0,5 October 2019,,,,,0,0,,,,
238Announced,Bahía Blanca Argentina Templeedit,Buenos Aires,Argentina,South America,0,,0,5 April 2020,,,,,0,0,,,,
239Announced,Lubumbashi Democratic Republic of the Congo Templeedit,Haut-Katanga,Democratic Republic of the Congo,Africa,0,,0,5 April 2020,,,,,0,0,,,,
240Announced,Benin City Nigeria Templeedit,Edo,Nigeria,Africa,0,,0,5 April 2020,,,,,0,0,,,,
241Announced,Dubai United Arab Emirates Templeedit,Dubai,United Arab Emirates,Asia,0,,0,5 April 2020,,,,,0,0,,,,
242Announced,Shanghai People's Republic of China Templeedit,Shanghai,China,Asia,0,,0,5 April 2020,,,,,0,0,,,,
243Announced,São Paulo East Brazil Templeedit,São Paulo,Brazil,South America,0,,0,4 October 2020,,,,,0,0,,,,
244Announced,Santa Cruz Bolivia Templeedit,Santa Cruz,Bolivia,South America,0,,0,4 October 2020,,,,,0,0,,,,
245Announced,Oslo Norway Templeedit,Oslo,Norway,Europe,0,,0,4 April 2021,,,,,0,0,,,,
246Announced,Brussels Belgium Templeedit,Brussels,Belgium,Europe,0,,0,4 April 2021,,,,,0,0,,,,
247Announced,Vienna Austria Templeedit,Vienna,Austria,Europe,0,,0,4 April 2021,,,,,0,0,,,,
248Announced,Kumasi Ghana Templeedit,Ashanti,Ghana,Africa,0,,0,4 April 2021,,,,,0,0,,,,
249Announced,Beira Mozambique Templeedit,Sofala,Mozambique,Africa,0,,0,4 April 2021,,,,,0,0,,,,
250Announced,Cape Town South Africa Templeedit,Western Cape,South Africa,Africa,0,,0,4 April 2021,,,,,0,0,,,,
251Announced,Singapore Republic of Singapore Templeedit,Singapore,Singapore,Asia,0,,0,4 April 2021,,,,,0,0,,,,
252Announced,Querétaro Mexico Templeedit,Querétaro,Mexico,North America,0,,0,4 April 2021,,,,,0,0,,,,
253Announced,Kaohsiung Taiwan Templeedit,Kaohsiung,Taiwan,Asia,0,,0,3 October 2021,,,,,0,0,,,,
254Announced,Tacloban City Philippines Templeedit,Eastern Visayas,Philippines,Asia,0,,0,3 October 2021,,,,,0,0,,,,
255Announced,Monrovia Liberia Templeedit,Montserrado,Liberia,Africa,0,,0,3 October 2021,,,,,0,0,,,,
256Announced,Kananga Democratic Republic of the Congo Templeedit,Kasaï-Central,Democratic Republic of the Congo,Africa,0,,0,3 October 2021,,,,,0,0,,,,
257Announced,Antananarivo Madagascar Templeedit,Analamanga,Madagascar,Africa,0,,0,3 October 2021,,,,,0,0,,,,
258Announced,Culiacán Mexico Templeedit,Sinaloa,Mexico,North America,0,,0,3 October 2021,,,,,0,0,,,,
259Announced,Vitória Brazil Templeedit,Espírito Santo,Brazil,South America,0,,0,3 October 2021,,,,,0,0,,,,
260Announced,La Paz Bolivia Templeedit,La Paz,Bolivia,South America,0,,0,3 October 2021,,,,,0,0,,,,
261Announced,Santiago West Chile Templeedit,Santiago,Chile,South America,0,,0,3 October 2021,,,,,0,0,,,,
262Announced,Fort Worth Texas Templeedit,Texas,United States,North America,0,,0,3 October 2021,,,,,0,0,,,,
263Announced,Cody Wyoming Templeedit,Wyoming,United States,North America,0,,0,3 October 2021,,,,,0,0,,,,
264Announced,Rexburg North Idaho Templeedit,Idaho,United States,North America,0,,0,3 October 2021,,,,,0,0,,,,
265Announced,Heber Valley Utah Templeedit,Utah,United States,North America,0,,0,3 October 2021,,,,,0,0,,,,
Efforts halted in 1830s,Independence / New Jerusalemedit,Missouri,United States,North America,0,,0,April 1829,August 1831,"Joseph Smith, Jr. (land dedicated)",,,0,0,(Community of Christ)(LDS Church),,,
Historic site,Kirtland Temple edit,Ohio,United States,North America,5.8,15000,0,"December 27, 1832","June 5, 1833",,"March 27, 1836",Joseph Smith,0,0,,,Georgian and Colonial,
Efforts halted in 1830s,Far Westedit,Missouri,United States,North America,640,,0,"April 16, 1838","July 4, 1838",Quorum of the Twelve,,,0,0,,,,
Efforts halted in 1830s,Adam-ondi-Ahmanedit,Missouri,United States,North America,3000,,0,"April 26, 1838",October 1838,Joseph Smith,,,0,0,No,,,
Destroyed,Nauvoo Temple edit,Illinois,United States,North America,0,54000,0,August 1840,"February 18, 1841",,"May 1, 1846",Orson Hyde,0,0,Yes,,,William Weeks
Destroyed,Apia Samoa Temple (original) edit,Tuamasaga,Samoa,Oceania,2,14560,78,"July 2, 1980","February 19, 1981",Spencer W. Kimball,"August 5, 1983",Gordon B. Hinckley,0,0,,,,Emil B. Fetzer
Efforts suspended in 2006,Harrison New Yorkedit,New York,United States,North America,24,28400,0,"September 30, 1995",,,,,0,0,,,,
